2026-04-03 21:41:45 [main] ERROR com.alibaba.druid.pool.DruidDataSource - init datasource error, url: jdbc:mysql://172.20.0.3:3306/hoj?useUnicode=true&characterEncoding=utf-8&serverTimezone=Asia/Shanghai&allowMultiQueries=true&rewriteBatchedStatements=true
java.sql.SQLException: Access denied for user 'root'@'172.20.0.5' (using password: YES)
	at com.mysql.cj.jdbc.exceptions.SQLError.createSQLException(SQLError.java:129)
	at com.mysql.cj.jdbc.exceptions.SQLError.createSQLException(SQLError.java:97)
	at com.mysql.cj.jdbc.exceptions.SQLExceptionsMapping.translateException(SQLExceptionsMapping.java:122)
	at com.mysql.cj.jdbc.ConnectionImpl.createNewIO(ConnectionImpl.java:836)
	at com.mysql.cj.jdbc.ConnectionImpl.<init>(ConnectionImpl.java:456)
	at com.mysql.cj.jdbc.ConnectionImpl.getInstance(ConnectionImpl.java:246)
	at com.mysql.cj.jdbc.NonRegisteringDriver.connect(NonRegisteringDriver.java:197)
	at com.alibaba.druid.pool.DruidAbstractDataSource.createPhysicalConnection(DruidAbstractDataSource.java:1584)
	at com.alibaba.druid.pool.DruidAbstractDataSource.createPhysicalConnection(DruidAbstractDataSource.java:1644)
	at com.alibaba.druid.pool.DruidDataSource.init(DruidDataSource.java:932)
	at com.alibaba.druid.pool.DruidDataSource.getConnection(DruidDataSource.java:1369)
	at com.alibaba.druid.pool.DruidDataSource.getConnection(DruidDataSource.java:1365)
	at sun.reflect.NativeMethodAccessorImpl.invoke0(Native Method)
	at sun.reflect.NativeMethodAccessorImpl.invoke(NativeMethodAccessorImpl.java:62)
	at sun.reflect.DelegatingMethodAccessorImpl.invoke(DelegatingMethodAccessorImpl.java:43)
	at java.lang.reflect.Method.invoke(Method.java:498)
	at org.springframework.util.ReflectionUtils.invokeMethod(ReflectionUtils.java:282)
	at org.springframework.cloud.context.scope.GenericScope$LockedScopedProxyFactoryBean.invoke(GenericScope.java:499)
	at org.springframework.aop.framework.ReflectiveMethodInvocation.proceed(ReflectiveMethodInvocation.java:186)
	at org.springframework.aop.framework.CglibAopProxy$CglibMethodInvocation.proceed(CglibAopProxy.java:749)
	at org.springframework.aop.framework.CglibAopProxy$DynamicAdvisedInterceptor.intercept(CglibAopProxy.java:691)
	at com.alibaba.druid.pool.DruidDataSource$$EnhancerBySpringCGLIB$$32a31887.getConnection(<generated>)
	at org.springframework.jdbc.datasource.DataSourceUtils.fetchConnection(DataSourceUtils.java:158)
	at org.springframework.jdbc.datasource.DataSourceUtils.doGetConnection(DataSourceUtils.java:116)
	at org.springframework.jdbc.datasource.DataSourceUtils.getConnection(DataSourceUtils.java:79)
	at org.mybatis.spring.transaction.SpringManagedTransaction.openConnection(SpringManagedTransaction.java:80)
	at org.mybatis.spring.transaction.SpringManagedTransaction.getConnection(SpringManagedTransaction.java:67)
	at org.apache.ibatis.executor.BaseExecutor.getConnection(BaseExecutor.java:336)
	at com.baomidou.mybatisplus.core.executor.MybatisSimpleExecutor.prepareStatement(MybatisSimpleExecutor.java:93)
	at com.baomidou.mybatisplus.core.executor.MybatisSimpleExecutor.doUpdate(MybatisSimpleExecutor.java:53)
	at org.apache.ibatis.executor.BaseExecutor.update(BaseExecutor.java:117)
	at org.apache.ibatis.executor.CachingExecutor.update(CachingExecutor.java:76)
	at sun.reflect.NativeMethodAccessorImpl.invoke0(Native Method)
	at sun.reflect.NativeMethodAccessorImpl.invoke(NativeMethodAccessorImpl.java:62)
	at sun.reflect.DelegatingMethodAccessorImpl.invoke(DelegatingMethodAccessorImpl.java:43)
	at java.lang.reflect.Method.invoke(Method.java:498)
	at org.apache.ibatis.plugin.Invocation.proceed(Invocation.java:49)
	at com.baomidou.mybatisplus.extension.plugins.OptimisticLockerInterceptor.intercept(OptimisticLockerInterceptor.java:97)
	at org.apache.ibatis.plugin.Plugin.invoke(Plugin.java:61)
	at com.sun.proxy.$Proxy272.update(Unknown Source)
	at org.apache.ibatis.session.defaults.DefaultSqlSession.update(DefaultSqlSession.java:197)
	at org.apache.ibatis.session.defaults.DefaultSqlSession.delete(DefaultSqlSession.java:212)
	at sun.reflect.NativeMethodAccessorImpl.invoke0(Native Method)
	at sun.reflect.NativeMethodAccessorImpl.invoke(NativeMethodAccessorImpl.java:62)
	at sun.reflect.DelegatingMethodAccessorImpl.invoke(DelegatingMethodAccessorImpl.java:43)
	at java.lang.reflect.Method.invoke(Method.java:498)
	at org.mybatis.spring.SqlSessionTemplate$SqlSessionInterceptor.invoke(SqlSessionTemplate.java:426)
	at com.sun.proxy.$Proxy126.delete(Unknown Source)
	at org.mybatis.spring.SqlSessionTemplate.delete(SqlSessionTemplate.java:303)
	at com.baomidou.mybatisplus.core.override.MybatisMapperMethod.execute(MybatisMapperMethod.java:68)
	at com.baomidou.mybatisplus.core.override.MybatisMapperProxy.invoke(MybatisMapperProxy.java:61)
	at com.sun.proxy.$Proxy150.delete(Unknown Source)
	at sun.reflect.NativeMethodAccessorImpl.invoke0(Native Method)
	at sun.reflect.NativeMethodAccessorImpl.invoke(NativeMethodAccessorImpl.java:62)
	at sun.reflect.DelegatingMethodAccessorImpl.invoke(DelegatingMethodAccessorImpl.java:43)
	at java.lang.reflect.Method.invoke(Method.java:498)
	at org.springframework.aop.support.AopUtils.invokeJoinpointUsingReflection(AopUtils.java:344)
	at org.springframework.aop.framework.ReflectiveMethodInvocation.invokeJoinpoint(ReflectiveMethodInvocation.java:198)
	at org.springframework.aop.framework.ReflectiveMethodInvocation.proceed(ReflectiveMethodInvocation.java:163)
	at org.springframework.dao.support.PersistenceExceptionTranslationInterceptor.invoke(PersistenceExceptionTranslationInterceptor.java:139)
	at org.springframework.aop.framework.ReflectiveMethodInvocation.proceed(ReflectiveMethodInvocation.java:186)
	at org.springframework.aop.framework.JdkDynamicAopProxy.invoke(JdkDynamicAopProxy.java:212)
	at com.sun.proxy.$Proxy151.delete(Unknown Source)
	at com.baomidou.mybatisplus.extension.service.impl.ServiceImpl.remove(ServiceImpl.java:197)
	at com.baomidou.mybatisplus.extension.service.impl.ServiceImpl$$FastClassBySpringCGLIB$$76535273.invoke(<generated>)
	at org.springframework.cglib.proxy.MethodProxy.invoke(MethodProxy.java:218)
	at org.springframework.aop.framework.CglibAopProxy$DynamicAdvisedInterceptor.intercept(CglibAopProxy.java:687)
	at top.hcode.hoj.dao.judge.impl.RemoteJudgeAccountEntityServiceImpl$$EnhancerBySpringCGLIB$$cb92a524.remove(<generated>)
	at com.baomidou.mybatisplus.extension.service.impl.ServiceImpl$$FastClassBySpringCGLIB$$76535273.invoke(<generated>)
	at org.springframework.cglib.proxy.MethodProxy.invoke(MethodProxy.java:218)
	at org.springframework.aop.framework.CglibAopProxy$DynamicAdvisedInterceptor.intercept(CglibAopProxy.java:687)
	at top.hcode.hoj.dao.judge.impl.RemoteJudgeAccountEntityServiceImpl$$EnhancerBySpringCGLIB$$ce1e5bd2.remove(<generated>)
	at top.hcode.hoj.config.StartupRunner.initSwitchConfig(StartupRunner.java:345)
	at top.hcode.hoj.config.StartupRunner.run(StartupRunner.java:172)
	at org.springframework.boot.SpringApplication.callRunner(SpringApplication.java:784)
	at org.springframework.boot.SpringApplication.callRunners(SpringApplication.java:768)
	at org.springframework.boot.SpringApplication.run(SpringApplication.java:322)
	at org.springframework.boot.SpringApplication.run(SpringApplication.java:1226)
	at org.springframework.boot.SpringApplication.run(SpringApplication.java:1215)
	at top.hcode.hoj.DataBackupApplication.main(DataBackupApplication.java:24)
	at sun.reflect.NativeMethodAccessorImpl.invoke0(Native Method)
	at sun.reflect.NativeMethodAccessorImpl.invoke(NativeMethodAccessorImpl.java:62)
	at sun.reflect.DelegatingMethodAccessorImpl.invoke(DelegatingMethodAccessorImpl.java:43)
	at java.lang.reflect.Method.invoke(Method.java:498)
	at org.springframework.boot.loader.MainMethodRunner.run(MainMethodRunner.java:49)
	at org.springframework.boot.loader.Launcher.launch(Launcher.java:108)
	at org.springframework.boot.loader.Launcher.launch(Launcher.java:58)
	at org.springframework.boot.loader.PropertiesLauncher.main(PropertiesLauncher.java:467)
2026-04-03 21:41:45 [main] ERROR com.alibaba.druid.pool.DruidDataSource - {dataSource-1} init error
java.sql.SQLException: Access denied for user 'root'@'172.20.0.5' (using password: YES)
	at com.mysql.cj.jdbc.exceptions.SQLError.createSQLException(SQLError.java:129)
	at com.mysql.cj.jdbc.exceptions.SQLError.createSQLException(SQLError.java:97)
	at com.mysql.cj.jdbc.exceptions.SQLExceptionsMapping.translateException(SQLExceptionsMapping.java:122)
	at com.mysql.cj.jdbc.ConnectionImpl.createNewIO(ConnectionImpl.java:836)
	at com.mysql.cj.jdbc.ConnectionImpl.<init>(ConnectionImpl.java:456)
	at com.mysql.cj.jdbc.ConnectionImpl.getInstance(ConnectionImpl.java:246)
	at com.mysql.cj.jdbc.NonRegisteringDriver.connect(NonRegisteringDriver.java:197)
	at com.alibaba.druid.pool.DruidAbstractDataSource.createPhysicalConnection(DruidAbstractDataSource.java:1584)
	at com.alibaba.druid.pool.DruidAbstractDataSource.createPhysicalConnection(DruidAbstractDataSource.java:1644)
	at com.alibaba.druid.pool.DruidDataSource.init(DruidDataSource.java:932)
	at com.alibaba.druid.pool.DruidDataSource.getConnection(DruidDataSource.java:1369)
	at com.alibaba.druid.pool.DruidDataSource.getConnection(DruidDataSource.java:1365)
	at sun.reflect.NativeMethodAccessorImpl.invoke0(Native Method)
	at sun.reflect.NativeMethodAccessorImpl.invoke(NativeMethodAccessorImpl.java:62)
	at sun.reflect.DelegatingMethodAccessorImpl.invoke(DelegatingMethodAccessorImpl.java:43)
	at java.lang.reflect.Method.invoke(Method.java:498)
	at org.springframework.util.ReflectionUtils.invokeMethod(ReflectionUtils.java:282)
	at org.springframework.cloud.context.scope.GenericScope$LockedScopedProxyFactoryBean.invoke(GenericScope.java:499)
	at org.springframework.aop.framework.ReflectiveMethodInvocation.proceed(ReflectiveMethodInvocation.java:186)
	at org.springframework.aop.framework.CglibAopProxy$CglibMethodInvocation.proceed(CglibAopProxy.java:749)
	at org.springframework.aop.framework.CglibAopProxy$DynamicAdvisedInterceptor.intercept(CglibAopProxy.java:691)
	at com.alibaba.druid.pool.DruidDataSource$$EnhancerBySpringCGLIB$$32a31887.getConnection(<generated>)
	at org.springframework.jdbc.datasource.DataSourceUtils.fetchConnection(DataSourceUtils.java:158)
	at org.springframework.jdbc.datasource.DataSourceUtils.doGetConnection(DataSourceUtils.java:116)
	at org.springframework.jdbc.datasource.DataSourceUtils.getConnection(DataSourceUtils.java:79)
	at org.mybatis.spring.transaction.SpringManagedTransaction.openConnection(SpringManagedTransaction.java:80)
	at org.mybatis.spring.transaction.SpringManagedTransaction.getConnection(SpringManagedTransaction.java:67)
	at org.apache.ibatis.executor.BaseExecutor.getConnection(BaseExecutor.java:336)
	at com.baomidou.mybatisplus.core.executor.MybatisSimpleExecutor.prepareStatement(MybatisSimpleExecutor.java:93)
	at com.baomidou.mybatisplus.core.executor.MybatisSimpleExecutor.doUpdate(MybatisSimpleExecutor.java:53)
	at org.apache.ibatis.executor.BaseExecutor.update(BaseExecutor.java:117)
	at org.apache.ibatis.executor.CachingExecutor.update(CachingExecutor.java:76)
	at sun.reflect.NativeMethodAccessorImpl.invoke0(Native Method)
	at sun.reflect.NativeMethodAccessorImpl.invoke(NativeMethodAccessorImpl.java:62)
	at sun.reflect.DelegatingMethodAccessorImpl.invoke(DelegatingMethodAccessorImpl.java:43)
	at java.lang.reflect.Method.invoke(Method.java:498)
	at org.apache.ibatis.plugin.Invocation.proceed(Invocation.java:49)
	at com.baomidou.mybatisplus.extension.plugins.OptimisticLockerInterceptor.intercept(OptimisticLockerInterceptor.java:97)
	at org.apache.ibatis.plugin.Plugin.invoke(Plugin.java:61)
	at com.sun.proxy.$Proxy272.update(Unknown Source)
	at org.apache.ibatis.session.defaults.DefaultSqlSession.update(DefaultSqlSession.java:197)
	at org.apache.ibatis.session.defaults.DefaultSqlSession.delete(DefaultSqlSession.java:212)
	at sun.reflect.NativeMethodAccessorImpl.invoke0(Native Method)
	at sun.reflect.NativeMethodAccessorImpl.invoke(NativeMethodAccessorImpl.java:62)
	at sun.reflect.DelegatingMethodAccessorImpl.invoke(DelegatingMethodAccessorImpl.java:43)
	at java.lang.reflect.Method.invoke(Method.java:498)
	at org.mybatis.spring.SqlSessionTemplate$SqlSessionInterceptor.invoke(SqlSessionTemplate.java:426)
	at com.sun.proxy.$Proxy126.delete(Unknown Source)
	at org.mybatis.spring.SqlSessionTemplate.delete(SqlSessionTemplate.java:303)
	at com.baomidou.mybatisplus.core.override.MybatisMapperMethod.execute(MybatisMapperMethod.java:68)
	at com.baomidou.mybatisplus.core.override.MybatisMapperProxy.invoke(MybatisMapperProxy.java:61)
	at com.sun.proxy.$Proxy150.delete(Unknown Source)
	at sun.reflect.NativeMethodAccessorImpl.invoke0(Native Method)
	at sun.reflect.NativeMethodAccessorImpl.invoke(NativeMethodAccessorImpl.java:62)
	at sun.reflect.DelegatingMethodAccessorImpl.invoke(DelegatingMethodAccessorImpl.java:43)
	at java.lang.reflect.Method.invoke(Method.java:498)
	at org.springframework.aop.support.AopUtils.invokeJoinpointUsingReflection(AopUtils.java:344)
	at org.springframework.aop.framework.ReflectiveMethodInvocation.invokeJoinpoint(ReflectiveMethodInvocation.java:198)
	at org.springframework.aop.framework.ReflectiveMethodInvocation.proceed(ReflectiveMethodInvocation.java:163)
	at org.springframework.dao.support.PersistenceExceptionTranslationInterceptor.invoke(PersistenceExceptionTranslationInterceptor.java:139)
	at org.springframework.aop.framework.ReflectiveMethodInvocation.proceed(ReflectiveMethodInvocation.java:186)
	at org.springframework.aop.framework.JdkDynamicAopProxy.invoke(JdkDynamicAopProxy.java:212)
	at com.sun.proxy.$Proxy151.delete(Unknown Source)
	at com.baomidou.mybatisplus.extension.service.impl.ServiceImpl.remove(ServiceImpl.java:197)
	at com.baomidou.mybatisplus.extension.service.impl.ServiceImpl$$FastClassBySpringCGLIB$$76535273.invoke(<generated>)
	at org.springframework.cglib.proxy.MethodProxy.invoke(MethodProxy.java:218)
	at org.springframework.aop.framework.CglibAopProxy$DynamicAdvisedInterceptor.intercept(CglibAopProxy.java:687)
	at top.hcode.hoj.dao.judge.impl.RemoteJudgeAccountEntityServiceImpl$$EnhancerBySpringCGLIB$$cb92a524.remove(<generated>)
	at com.baomidou.mybatisplus.extension.service.impl.ServiceImpl$$FastClassBySpringCGLIB$$76535273.invoke(<generated>)
	at org.springframework.cglib.proxy.MethodProxy.invoke(MethodProxy.java:218)
	at org.springframework.aop.framework.CglibAopProxy$DynamicAdvisedInterceptor.intercept(CglibAopProxy.java:687)
	at top.hcode.hoj.dao.judge.impl.RemoteJudgeAccountEntityServiceImpl$$EnhancerBySpringCGLIB$$ce1e5bd2.remove(<generated>)
	at top.hcode.hoj.config.StartupRunner.initSwitchConfig(StartupRunner.java:345)
	at top.hcode.hoj.config.StartupRunner.run(StartupRunner.java:172)
	at org.springframework.boot.SpringApplication.callRunner(SpringApplication.java:784)
	at org.springframework.boot.SpringApplication.callRunners(SpringApplication.java:768)
	at org.springframework.boot.SpringApplication.run(SpringApplication.java:322)
	at org.springframework.boot.SpringApplication.run(SpringApplication.java:1226)
	at org.springframework.boot.SpringApplication.run(SpringApplication.java:1215)
	at top.hcode.hoj.DataBackupApplication.main(DataBackupApplication.java:24)
	at sun.reflect.NativeMethodAccessorImpl.invoke0(Native Method)
	at sun.reflect.NativeMethodAccessorImpl.invoke(NativeMethodAccessorImpl.java:62)
	at sun.reflect.DelegatingMethodAccessorImpl.invoke(DelegatingMethodAccessorImpl.java:43)
	at java.lang.reflect.Method.invoke(Method.java:498)
	at org.springframework.boot.loader.MainMethodRunner.run(MainMethodRunner.java:49)
	at org.springframework.boot.loader.Launcher.launch(Launcher.java:108)
	at org.springframework.boot.loader.Launcher.launch(Launcher.java:58)
	at org.springframework.boot.loader.PropertiesLauncher.main(PropertiesLauncher.java:467)
2026-04-03 21:41:45 [Druid-ConnectionPool-Create-2066892165] ERROR com.alibaba.druid.pool.DruidDataSource - create connection SQLException, url: jdbc:mysql://172.20.0.3:3306/hoj?useUnicode=true&characterEncoding=utf-8&serverTimezone=Asia/Shanghai&allowMultiQueries=true&rewriteBatchedStatements=true, errorCode 1045, state 28000
java.sql.SQLException: Access denied for user 'root'@'172.20.0.5' (using password: YES)
	at com.mysql.cj.jdbc.exceptions.SQLError.createSQLException(SQLError.java:129)
	at com.mysql.cj.jdbc.exceptions.SQLError.createSQLException(SQLError.java:97)
	at com.mysql.cj.jdbc.exceptions.SQLExceptionsMapping.translateException(SQLExceptionsMapping.java:122)
	at com.mysql.cj.jdbc.ConnectionImpl.createNewIO(ConnectionImpl.java:836)
	at com.mysql.cj.jdbc.ConnectionImpl.<init>(ConnectionImpl.java:456)
	at com.mysql.cj.jdbc.ConnectionImpl.getInstance(ConnectionImpl.java:246)
	at com.mysql.cj.jdbc.NonRegisteringDriver.connect(NonRegisteringDriver.java:197)
	at com.alibaba.druid.pool.DruidAbstractDataSource.createPhysicalConnection(DruidAbstractDataSource.java:1584)
	at com.alibaba.druid.pool.DruidAbstractDataSource.createPhysicalConnection(DruidAbstractDataSource.java:1644)
	at com.alibaba.druid.pool.DruidDataSource$CreateConnectionThread.run(DruidDataSource.java:2715)
2026-04-03 21:41:45 [Druid-ConnectionPool-Create-2066892165] ERROR com.alibaba.druid.pool.DruidDataSource - create connection SQLException, url: jdbc:mysql://172.20.0.3:3306/hoj?useUnicode=true&characterEncoding=utf-8&serverTimezone=Asia/Shanghai&allowMultiQueries=true&rewriteBatchedStatements=true, errorCode 1045, state 28000
java.sql.SQLException: Access denied for user 'root'@'172.20.0.5' (using password: YES)
	at com.mysql.cj.jdbc.exceptions.SQLError.createSQLException(SQLError.java:129)
	at com.mysql.cj.jdbc.exceptions.SQLError.createSQLException(SQLError.java:97)
	at com.mysql.cj.jdbc.exceptions.SQLExceptionsMapping.translateException(SQLExceptionsMapping.java:122)
	at com.mysql.cj.jdbc.ConnectionImpl.createNewIO(ConnectionImpl.java:836)
	at com.mysql.cj.jdbc.ConnectionImpl.<init>(ConnectionImpl.java:456)
	at com.mysql.cj.jdbc.ConnectionImpl.getInstance(ConnectionImpl.java:246)
	at com.mysql.cj.jdbc.NonRegisteringDriver.connect(NonRegisteringDriver.java:197)
	at com.alibaba.druid.pool.DruidAbstractDataSource.createPhysicalConnection(DruidAbstractDataSource.java:1584)
	at com.alibaba.druid.pool.DruidAbstractDataSource.createPhysicalConnection(DruidAbstractDataSource.java:1644)
	at com.alibaba.druid.pool.DruidDataSource$CreateConnectionThread.run(DruidDataSource.java:2715)
2026-04-03 21:41:45 [Druid-ConnectionPool-Create-2066892165] ERROR com.alibaba.druid.pool.DruidDataSource - create connection SQLException, url: jdbc:mysql://172.20.0.3:3306/hoj?useUnicode=true&characterEncoding=utf-8&serverTimezone=Asia/Shanghai&allowMultiQueries=true&rewriteBatchedStatements=true, errorCode 1045, state 28000
java.sql.SQLException: Access denied for user 'root'@'172.20.0.5' (using password: YES)
	at com.mysql.cj.jdbc.exceptions.SQLError.createSQLException(SQLError.java:129)
	at com.mysql.cj.jdbc.exceptions.SQLError.createSQLException(SQLError.java:97)
	at com.mysql.cj.jdbc.exceptions.SQLExceptionsMapping.translateException(SQLExceptionsMapping.java:122)
	at com.mysql.cj.jdbc.ConnectionImpl.createNewIO(ConnectionImpl.java:836)
	at com.mysql.cj.jdbc.ConnectionImpl.<init>(ConnectionImpl.java:456)
	at com.mysql.cj.jdbc.ConnectionImpl.getInstance(ConnectionImpl.java:246)
	at com.mysql.cj.jdbc.NonRegisteringDriver.connect(NonRegisteringDriver.java:197)
	at com.alibaba.druid.pool.DruidAbstractDataSource.createPhysicalConnection(DruidAbstractDataSource.java:1584)
	at com.alibaba.druid.pool.DruidAbstractDataSource.createPhysicalConnection(DruidAbstractDataSource.java:1644)
	at com.alibaba.druid.pool.DruidDataSource$CreateConnectionThread.run(DruidDataSource.java:2715)
2026-04-03 21:41:46 [main] ERROR org.springframework.boot.SpringApplication - Application run failed
java.lang.IllegalStateException: Failed to execute CommandLineRunner
	at org.springframework.boot.SpringApplication.callRunner(SpringApplication.java:787)
	at org.springframework.boot.SpringApplication.callRunners(SpringApplication.java:768)
	at org.springframework.boot.SpringApplication.run(SpringApplication.java:322)
	at org.springframework.boot.SpringApplication.run(SpringApplication.java:1226)
	at org.springframework.boot.SpringApplication.run(SpringApplication.java:1215)
	at top.hcode.hoj.DataBackupApplication.main(DataBackupApplication.java:24)
	at sun.reflect.NativeMethodAccessorImpl.invoke0(Native Method)
	at sun.reflect.NativeMethodAccessorImpl.invoke(NativeMethodAccessorImpl.java:62)
	at sun.reflect.DelegatingMethodAccessorImpl.invoke(DelegatingMethodAccessorImpl.java:43)
	at java.lang.reflect.Method.invoke(Method.java:498)
	at org.springframework.boot.loader.MainMethodRunner.run(MainMethodRunner.java:49)
	at org.springframework.boot.loader.Launcher.launch(Launcher.java:108)
	at org.springframework.boot.loader.Launcher.launch(Launcher.java:58)
	at org.springframework.boot.loader.PropertiesLauncher.main(PropertiesLauncher.java:467)
Caused by: org.mybatis.spring.MyBatisSystemException: nested exception is org.apache.ibatis.exceptions.PersistenceException: 
### Error updating database.  Cause: org.springframework.jdbc.CannotGetJdbcConnectionException: Failed to obtain JDBC Connection; nested exception is java.sql.SQLException: Access denied for user 'root'@'172.20.0.5' (using password: YES)
### The error may exist in top/hcode/hoj/mapper/RemoteJudgeAccountMapper.java (best guess)
### The error may involve top.hcode.hoj.mapper.RemoteJudgeAccountMapper.delete
### The error occurred while executing an update
### Cause: org.springframework.jdbc.CannotGetJdbcConnectionException: Failed to obtain JDBC Connection; nested exception is java.sql.SQLException: Access denied for user 'root'@'172.20.0.5' (using password: YES)
	at org.mybatis.spring.MyBatisExceptionTranslator.translateExceptionIfPossible(MyBatisExceptionTranslator.java:78)
	at org.mybatis.spring.SqlSessionTemplate$SqlSessionInterceptor.invoke(SqlSessionTemplate.java:440)
	at com.sun.proxy.$Proxy126.delete(Unknown Source)
	at org.mybatis.spring.SqlSessionTemplate.delete(SqlSessionTemplate.java:303)
	at com.baomidou.mybatisplus.core.override.MybatisMapperMethod.execute(MybatisMapperMethod.java:68)
	at com.baomidou.mybatisplus.core.override.MybatisMapperProxy.invoke(MybatisMapperProxy.java:61)
	at com.sun.proxy.$Proxy150.delete(Unknown Source)
	at sun.reflect.NativeMethodAccessorImpl.invoke0(Native Method)
	at sun.reflect.NativeMethodAccessorImpl.invoke(NativeMethodAccessorImpl.java:62)
	at sun.reflect.DelegatingMethodAccessorImpl.invoke(DelegatingMethodAccessorImpl.java:43)
	at java.lang.reflect.Method.invoke(Method.java:498)
	at org.springframework.aop.support.AopUtils.invokeJoinpointUsingReflection(AopUtils.java:344)
	at org.springframework.aop.framework.ReflectiveMethodInvocation.invokeJoinpoint(ReflectiveMethodInvocation.java:198)
	at org.springframework.aop.framework.ReflectiveMethodInvocation.proceed(ReflectiveMethodInvocation.java:163)
	at org.springframework.dao.support.PersistenceExceptionTranslationInterceptor.invoke(PersistenceExceptionTranslationInterceptor.java:139)
	at org.springframework.aop.framework.ReflectiveMethodInvocation.proceed(ReflectiveMethodInvocation.java:186)
	at org.springframework.aop.framework.JdkDynamicAopProxy.invoke(JdkDynamicAopProxy.java:212)
	at com.sun.proxy.$Proxy151.delete(Unknown Source)
	at com.baomidou.mybatisplus.extension.service.impl.ServiceImpl.remove(ServiceImpl.java:197)
	at com.baomidou.mybatisplus.extension.service.impl.ServiceImpl$$FastClassBySpringCGLIB$$76535273.invoke(<generated>)
	at org.springframework.cglib.proxy.MethodProxy.invoke(MethodProxy.java:218)
	at org.springframework.aop.framework.CglibAopProxy$DynamicAdvisedInterceptor.intercept(CglibAopProxy.java:687)
	at top.hcode.hoj.dao.judge.impl.RemoteJudgeAccountEntityServiceImpl$$EnhancerBySpringCGLIB$$cb92a524.remove(<generated>)
	at com.baomidou.mybatisplus.extension.service.impl.ServiceImpl$$FastClassBySpringCGLIB$$76535273.invoke(<generated>)
	at org.springframework.cglib.proxy.MethodProxy.invoke(MethodProxy.java:218)
	at org.springframework.aop.framework.CglibAopProxy$DynamicAdvisedInterceptor.intercept(CglibAopProxy.java:687)
	at top.hcode.hoj.dao.judge.impl.RemoteJudgeAccountEntityServiceImpl$$EnhancerBySpringCGLIB$$ce1e5bd2.remove(<generated>)
	at top.hcode.hoj.config.StartupRunner.initSwitchConfig(StartupRunner.java:345)
	at top.hcode.hoj.config.StartupRunner.run(StartupRunner.java:172)
	at org.springframework.boot.SpringApplication.callRunner(SpringApplication.java:784)
	... 13 common frames omitted
Caused by: org.apache.ibatis.exceptions.PersistenceException: 
### Error updating database.  Cause: org.springframework.jdbc.CannotGetJdbcConnectionException: Failed to obtain JDBC Connection; nested exception is java.sql.SQLException: Access denied for user 'root'@'172.20.0.5' (using password: YES)
### The error may exist in top/hcode/hoj/mapper/RemoteJudgeAccountMapper.java (best guess)
### The error may involve top.hcode.hoj.mapper.RemoteJudgeAccountMapper.delete
### The error occurred while executing an update
### Cause: org.springframework.jdbc.CannotGetJdbcConnectionException: Failed to obtain JDBC Connection; nested exception is java.sql.SQLException: Access denied for user 'root'@'172.20.0.5' (using password: YES)
	at org.apache.ibatis.exceptions.ExceptionFactory.wrapException(ExceptionFactory.java:30)
	at org.apache.ibatis.session.defaults.DefaultSqlSession.update(DefaultSqlSession.java:199)
	at org.apache.ibatis.session.defaults.DefaultSqlSession.delete(DefaultSqlSession.java:212)
	at sun.reflect.NativeMethodAccessorImpl.invoke0(Native Method)
	at sun.reflect.NativeMethodAccessorImpl.invoke(NativeMethodAccessorImpl.java:62)
	at sun.reflect.DelegatingMethodAccessorImpl.invoke(DelegatingMethodAccessorImpl.java:43)
	at java.lang.reflect.Method.invoke(Method.java:498)
	at org.mybatis.spring.SqlSessionTemplate$SqlSessionInterceptor.invoke(SqlSessionTemplate.java:426)
	... 41 common frames omitted
Caused by: org.springframework.jdbc.CannotGetJdbcConnectionException: Failed to obtain JDBC Connection; nested exception is java.sql.SQLException: Access denied for user 'root'@'172.20.0.5' (using password: YES)
	at org.springframework.jdbc.datasource.DataSourceUtils.getConnection(DataSourceUtils.java:82)
	at org.mybatis.spring.transaction.SpringManagedTransaction.openConnection(SpringManagedTransaction.java:80)
	at org.mybatis.spring.transaction.SpringManagedTransaction.getConnection(SpringManagedTransaction.java:67)
	at org.apache.ibatis.executor.BaseExecutor.getConnection(BaseExecutor.java:336)
	at com.baomidou.mybatisplus.core.executor.MybatisSimpleExecutor.prepareStatement(MybatisSimpleExecutor.java:93)
	at com.baomidou.mybatisplus.core.executor.MybatisSimpleExecutor.doUpdate(MybatisSimpleExecutor.java:53)
	at org.apache.ibatis.executor.BaseExecutor.update(BaseExecutor.java:117)
	at org.apache.ibatis.executor.CachingExecutor.update(CachingExecutor.java:76)
	at sun.reflect.NativeMethodAccessorImpl.invoke0(Native Method)
	at sun.reflect.NativeMethodAccessorImpl.invoke(NativeMethodAccessorImpl.java:62)
	at sun.reflect.DelegatingMethodAccessorImpl.invoke(DelegatingMethodAccessorImpl.java:43)
	at java.lang.reflect.Method.invoke(Method.java:498)
	at org.apache.ibatis.plugin.Invocation.proceed(Invocation.java:49)
	at com.baomidou.mybatisplus.extension.plugins.OptimisticLockerInterceptor.intercept(OptimisticLockerInterceptor.java:97)
	at org.apache.ibatis.plugin.Plugin.invoke(Plugin.java:61)
	at com.sun.proxy.$Proxy272.update(Unknown Source)
	at org.apache.ibatis.session.defaults.DefaultSqlSession.update(DefaultSqlSession.java:197)
	... 47 common frames omitted
Caused by: java.sql.SQLException: Access denied for user 'root'@'172.20.0.5' (using password: YES)
	at com.mysql.cj.jdbc.exceptions.SQLError.createSQLException(SQLError.java:129)
	at com.mysql.cj.jdbc.exceptions.SQLError.createSQLException(SQLError.java:97)
	at com.mysql.cj.jdbc.exceptions.SQLExceptionsMapping.translateException(SQLExceptionsMapping.java:122)
	at com.mysql.cj.jdbc.ConnectionImpl.createNewIO(ConnectionImpl.java:836)
	at com.mysql.cj.jdbc.ConnectionImpl.<init>(ConnectionImpl.java:456)
	at com.mysql.cj.jdbc.ConnectionImpl.getInstance(ConnectionImpl.java:246)
	at com.mysql.cj.jdbc.NonRegisteringDriver.connect(NonRegisteringDriver.java:197)
	at com.alibaba.druid.pool.DruidAbstractDataSource.createPhysicalConnection(DruidAbstractDataSource.java:1584)
	at com.alibaba.druid.pool.DruidAbstractDataSource.createPhysicalConnection(DruidAbstractDataSource.java:1644)
	at com.alibaba.druid.pool.DruidDataSource.init(DruidDataSource.java:932)
	at com.alibaba.druid.pool.DruidDataSource.getConnection(DruidDataSource.java:1369)
	at com.alibaba.druid.pool.DruidDataSource.getConnection(DruidDataSource.java:1365)
	at sun.reflect.NativeMethodAccessorImpl.invoke0(Native Method)
	at sun.reflect.NativeMethodAccessorImpl.invoke(NativeMethodAccessorImpl.java:62)
	at sun.reflect.DelegatingMethodAccessorImpl.invoke(DelegatingMethodAccessorImpl.java:43)
	at java.lang.reflect.Method.invoke(Method.java:498)
	at org.springframework.util.ReflectionUtils.invokeMethod(ReflectionUtils.java:282)
	at org.springframework.cloud.context.scope.GenericScope$LockedScopedProxyFactoryBean.invoke(GenericScope.java:499)
	at org.springframework.aop.framework.ReflectiveMethodInvocation.proceed(ReflectiveMethodInvocation.java:186)
	at org.springframework.aop.framework.CglibAopProxy$CglibMethodInvocation.proceed(CglibAopProxy.java:749)
	at org.springframework.aop.framework.CglibAopProxy$DynamicAdvisedInterceptor.intercept(CglibAopProxy.java:691)
	at com.alibaba.druid.pool.DruidDataSource$$EnhancerBySpringCGLIB$$32a31887.getConnection(<generated>)
	at org.springframework.jdbc.datasource.DataSourceUtils.fetchConnection(DataSourceUtils.java:158)
	at org.springframework.jdbc.datasource.DataSourceUtils.doGetConnection(DataSourceUtils.java:116)
	at org.springframework.jdbc.datasource.DataSourceUtils.getConnection(DataSourceUtils.java:79)
	... 63 common frames omitted
2026-04-03 21:42:20 [main] ERROR hoj - [Init System Config] [HDU]: There is no account or password configured for remote judge, username list:[], password list:[]
2026-04-03 21:42:20 [main] ERROR hoj - [Init System Config] [POJ]: There is no account or password configured for remote judge, username list:[], password list:[]
2026-04-03 21:42:20 [main] ERROR hoj - [Init System Config] [CF]: There is no account or password configured for remote judge, username list:[], password list:[]
2026-04-03 21:42:20 [main] ERROR hoj - [Init System Config] [SPOJ]: There is no account or password configured for remote judge, username list:[], password list:[]
2026-04-03 21:42:20 [main] ERROR hoj - [Init System Config] [AC]: There is no account or password configured for remote judge, username list:[], password list:[]
2026-04-03 21:42:20 [main] ERROR hoj - [Init System Config] [LIBRE]: There is no account or password configured for remote judge, username list:[], password list:[]
2026-04-03 22:12:45 [main] ERROR hoj - [Init System Config] [HDU]: There is no account or password configured for remote judge, username list:[], password list:[]
2026-04-03 22:12:45 [main] ERROR hoj - [Init System Config] [POJ]: There is no account or password configured for remote judge, username list:[], password list:[]
2026-04-03 22:12:45 [main] ERROR hoj - [Init System Config] [CF]: There is no account or password configured for remote judge, username list:[], password list:[]
2026-04-03 22:12:45 [main] ERROR hoj - [Init System Config] [SPOJ]: There is no account or password configured for remote judge, username list:[], password list:[]
2026-04-03 22:12:45 [main] ERROR hoj - [Init System Config] [AC]: There is no account or password configured for remote judge, username list:[], password list:[]
2026-04-03 22:12:45 [main] ERROR hoj - [Init System Config] [LIBRE]: There is no account or password configured for remote judge, username list:[], password list:[]
2026-04-03 22:13:32 [com.alibaba.nacos.client.Worker.longPolling.fixed-172.20.0.4_8848] ERROR c.alibaba.nacos.client.config.http.ServerHttpAgent - [NACOS ConnectException] currentServerAddr: http://172.20.0.4:8848, httpCode: 500
2026-04-03 22:13:32 [com.alibaba.nacos.naming.beat.sender] ERROR com.alibaba.nacos.client.naming - [NA] failed to request
com.alibaba.nacos.api.exception.NacosException: <html><body><h1>Whitelabel Error Page</h1><p>This application has no explicit mapping for /error, so you are seeing this as a fallback.</p><div id='created'>Fri Apr 03 22:13:20 CST 2026</div><div>There was an unexpected error (type=Internal Server Error, status=500).</div><div>Server failed,PreparedStatementCallback; SQL [select role,username from roles where  username= ?  limit 0,2147483647]; Communications link failure

The last packet successfully received from the server was 5,101 milliseconds ago. The last packet sent successfully to the server was 5,516 milliseconds ago.; nested exception is com.mysql.cj.jdbc.exceptions.CommunicationsException: Communications link failure

The last packet successfully received from the server was 5,101 milliseconds ago. The last packet sent successfully to the server was 5,516 milliseconds ago.</div></body></html>
	at com.alibaba.nacos.client.naming.net.NamingProxy.callServer(NamingProxy.java:615)
	at com.alibaba.nacos.client.naming.net.NamingProxy.reqApi(NamingProxy.java:526)
	at com.alibaba.nacos.client.naming.net.NamingProxy.reqApi(NamingProxy.java:498)
	at com.alibaba.nacos.client.naming.net.NamingProxy.sendBeat(NamingProxy.java:433)
	at com.alibaba.nacos.client.naming.beat.BeatReactor$BeatTask.run(BeatReactor.java:167)
	at java.util.concurrent.Executors$RunnableAdapter.call(Executors.java:511)
	at java.util.concurrent.FutureTask.run(FutureTask.java:266)
	at java.util.concurrent.ScheduledThreadPoolExecutor$ScheduledFutureTask.access$201(ScheduledThreadPoolExecutor.java:180)
	at java.util.concurrent.ScheduledThreadPoolExecutor$ScheduledFutureTask.run(ScheduledThreadPoolExecutor.java:293)
	at java.util.concurrent.ThreadPoolExecutor.runWorker(ThreadPoolExecutor.java:1149)
	at java.util.concurrent.ThreadPoolExecutor$Worker.run(ThreadPoolExecutor.java:624)
	at java.lang.Thread.run(Thread.java:748)
2026-04-03 22:14:36 [com.alibaba.nacos.client.Worker.longPolling.fixed-172.20.0.4_8848] ERROR c.alibaba.nacos.client.config.http.ServerHttpAgent - [NACOS SocketTimeoutException httpPost] currentServerAddr: http://172.20.0.4:8848， err : Read timed out
2026-04-03 22:14:41 [com.alibaba.nacos.client.Worker.longPolling.fixed-172.20.0.4_8848] ERROR c.alibaba.nacos.client.config.http.ServerHttpAgent - no available server, currentServerAddr : http://172.20.0.4:8848
2026-04-03 22:14:55 [com.alibaba.nacos.naming.beat.sender] ERROR com.alibaba.nacos.client.naming - [NA] failed to request
java.net.SocketTimeoutException: Read timed out
	at java.net.SocketInputStream.socketRead0(Native Method)
	at java.net.SocketInputStream.socketRead(SocketInputStream.java:116)
	at java.net.SocketInputStream.read(SocketInputStream.java:171)
	at java.net.SocketInputStream.read(SocketInputStream.java:141)
	at java.io.BufferedInputStream.fill(BufferedInputStream.java:246)
	at java.io.BufferedInputStream.read1(BufferedInputStream.java:286)
	at java.io.BufferedInputStream.read(BufferedInputStream.java:345)
	at sun.net.www.http.HttpClient.parseHTTPHeader(HttpClient.java:735)
	at sun.net.www.http.HttpClient.parseHTTP(HttpClient.java:678)
	at sun.net.www.protocol.http.HttpURLConnection.getInputStream0(HttpURLConnection.java:1590)
	at sun.net.www.protocol.http.HttpURLConnection.getInputStream(HttpURLConnection.java:1495)
	at java.net.HttpURLConnection.getResponseCode(HttpURLConnection.java:480)
	at com.alibaba.nacos.common.http.client.response.JdkHttpClientResponse.getStatusCode(JdkHttpClientResponse.java:79)
	at com.alibaba.nacos.common.http.client.handler.AbstractResponseHandler.handle(AbstractResponseHandler.java:43)
	at com.alibaba.nacos.common.http.client.NacosRestTemplate.execute(NacosRestTemplate.java:483)
	at com.alibaba.nacos.common.http.client.NacosRestTemplate.exchangeForm(NacosRestTemplate.java:427)
	at com.alibaba.nacos.client.naming.net.NamingProxy.callServer(NamingProxy.java:603)
	at com.alibaba.nacos.client.naming.net.NamingProxy.reqApi(NamingProxy.java:526)
	at com.alibaba.nacos.client.naming.net.NamingProxy.reqApi(NamingProxy.java:498)
	at com.alibaba.nacos.client.naming.net.NamingProxy.sendBeat(NamingProxy.java:433)
	at com.alibaba.nacos.client.naming.beat.BeatReactor$BeatTask.run(BeatReactor.java:167)
	at java.util.concurrent.Executors$RunnableAdapter.call(Executors.java:511)
	at java.util.concurrent.FutureTask.run(FutureTask.java:266)
	at java.util.concurrent.ScheduledThreadPoolExecutor$ScheduledFutureTask.access$201(ScheduledThreadPoolExecutor.java:180)
	at java.util.concurrent.ScheduledThreadPoolExecutor$ScheduledFutureTask.run(ScheduledThreadPoolExecutor.java:293)
	at java.util.concurrent.ThreadPoolExecutor.runWorker(ThreadPoolExecutor.java:1149)
	at java.util.concurrent.ThreadPoolExecutor$Worker.run(ThreadPoolExecutor.java:624)
	at java.lang.Thread.run(Thread.java:748)
2026-04-03 22:15:06 [com.alibaba.nacos.client.Worker.longPolling.fixed-172.20.0.4_8848] ERROR com.alibaba.nacos.client.config.impl.ClientWorker - [fixed-172.20.0.4_8848] [check-update] get changed dataId exception
java.net.ConnectException: no available server, currentServerAddr : http://172.20.0.4:8848
	at com.alibaba.nacos.client.config.http.ServerHttpAgent.httpPost(ServerHttpAgent.java:190)
	at com.alibaba.nacos.client.config.http.MetricsHttpAgent.httpPost(MetricsHttpAgent.java:67)
	at com.alibaba.nacos.client.config.impl.ClientWorker.checkUpdateConfigStr(ClientWorker.java:380)
	at com.alibaba.nacos.client.config.impl.ClientWorker.checkUpdateDataIds(ClientWorker.java:347)
	at com.alibaba.nacos.client.config.impl.ClientWorker$LongPollingRunnable.run(ClientWorker.java:535)
	at java.util.concurrent.Executors$RunnableAdapter.call(Executors.java:511)
	at java.util.concurrent.FutureTask.run(FutureTask.java:266)
	at java.util.concurrent.ScheduledThreadPoolExecutor$ScheduledFutureTask.access$201(ScheduledThreadPoolExecutor.java:180)
	at java.util.concurrent.ScheduledThreadPoolExecutor$ScheduledFutureTask.run(ScheduledThreadPoolExecutor.java:293)
	at java.util.concurrent.ThreadPoolExecutor.runWorker(ThreadPoolExecutor.java:1149)
	at java.util.concurrent.ThreadPoolExecutor$Worker.run(ThreadPoolExecutor.java:624)
	at java.lang.Thread.run(Thread.java:748)
2026-04-03 22:15:10 [com.alibaba.nacos.client.Worker.longPolling.fixed-172.20.0.4_8848] ERROR c.alibaba.nacos.client.config.http.ServerHttpAgent - [NACOS SocketTimeoutException httpPost] currentServerAddr: http://172.20.0.4:8848， err : Read timed out
2026-04-03 22:15:10 [com.alibaba.nacos.client.Worker.longPolling.fixed-172.20.0.4_8848] ERROR com.alibaba.nacos.client.config.impl.ClientWorker - longPolling error : 
java.net.ConnectException: no available server, currentServerAddr : http://172.20.0.4:8848
	at com.alibaba.nacos.client.config.http.ServerHttpAgent.httpPost(ServerHttpAgent.java:190)
	at com.alibaba.nacos.client.config.http.MetricsHttpAgent.httpPost(MetricsHttpAgent.java:67)
	at com.alibaba.nacos.client.config.impl.ClientWorker.checkUpdateConfigStr(ClientWorker.java:380)
	at com.alibaba.nacos.client.config.impl.ClientWorker.checkUpdateDataIds(ClientWorker.java:347)
	at com.alibaba.nacos.client.config.impl.ClientWorker$LongPollingRunnable.run(ClientWorker.java:535)
	at java.util.concurrent.Executors$RunnableAdapter.call(Executors.java:511)
	at java.util.concurrent.FutureTask.run(FutureTask.java:266)
	at java.util.concurrent.ScheduledThreadPoolExecutor$ScheduledFutureTask.access$201(ScheduledThreadPoolExecutor.java:180)
	at java.util.concurrent.ScheduledThreadPoolExecutor$ScheduledFutureTask.run(ScheduledThreadPoolExecutor.java:293)
	at java.util.concurrent.ThreadPoolExecutor.runWorker(ThreadPoolExecutor.java:1149)
	at java.util.concurrent.ThreadPoolExecutor$Worker.run(ThreadPoolExecutor.java:624)
	at java.lang.Thread.run(Thread.java:748)
2026-04-03 22:15:12 [com.alibaba.nacos.client.Worker.longPolling.fixed-172.20.0.4_8848] ERROR c.alibaba.nacos.client.config.http.ServerHttpAgent - no available server, currentServerAddr : http://172.20.0.4:8848
2026-04-03 22:15:15 [com.alibaba.nacos.client.Worker.longPolling.fixed-172.20.0.4_8848] ERROR com.alibaba.nacos.client.config.impl.ClientWorker - [fixed-172.20.0.4_8848] [check-update] get changed dataId exception
java.net.ConnectException: no available server, currentServerAddr : http://172.20.0.4:8848
	at com.alibaba.nacos.client.config.http.ServerHttpAgent.httpPost(ServerHttpAgent.java:190)
	at com.alibaba.nacos.client.config.http.MetricsHttpAgent.httpPost(MetricsHttpAgent.java:67)
	at com.alibaba.nacos.client.config.impl.ClientWorker.checkUpdateConfigStr(ClientWorker.java:380)
	at com.alibaba.nacos.client.config.impl.ClientWorker.checkUpdateDataIds(ClientWorker.java:347)
	at com.alibaba.nacos.client.config.impl.ClientWorker$LongPollingRunnable.run(ClientWorker.java:535)
	at java.util.concurrent.Executors$RunnableAdapter.call(Executors.java:511)
	at java.util.concurrent.FutureTask.run(FutureTask.java:266)
	at java.util.concurrent.ScheduledThreadPoolExecutor$ScheduledFutureTask.access$201(ScheduledThreadPoolExecutor.java:180)
	at java.util.concurrent.ScheduledThreadPoolExecutor$ScheduledFutureTask.run(ScheduledThreadPoolExecutor.java:293)
	at java.util.concurrent.ThreadPoolExecutor.runWorker(ThreadPoolExecutor.java:1149)
	at java.util.concurrent.ThreadPoolExecutor$Worker.run(ThreadPoolExecutor.java:624)
	at java.lang.Thread.run(Thread.java:748)
2026-04-03 22:15:15 [com.alibaba.nacos.client.Worker.longPolling.fixed-172.20.0.4_8848] ERROR com.alibaba.nacos.client.config.impl.ClientWorker - longPolling error : 
java.net.ConnectException: no available server, currentServerAddr : http://172.20.0.4:8848
	at com.alibaba.nacos.client.config.http.ServerHttpAgent.httpPost(ServerHttpAgent.java:190)
	at com.alibaba.nacos.client.config.http.MetricsHttpAgent.httpPost(MetricsHttpAgent.java:67)
	at com.alibaba.nacos.client.config.impl.ClientWorker.checkUpdateConfigStr(ClientWorker.java:380)
	at com.alibaba.nacos.client.config.impl.ClientWorker.checkUpdateDataIds(ClientWorker.java:347)
	at com.alibaba.nacos.client.config.impl.ClientWorker$LongPollingRunnable.run(ClientWorker.java:535)
	at java.util.concurrent.Executors$RunnableAdapter.call(Executors.java:511)
	at java.util.concurrent.FutureTask.run(FutureTask.java:266)
	at java.util.concurrent.ScheduledThreadPoolExecutor$ScheduledFutureTask.access$201(ScheduledThreadPoolExecutor.java:180)
	at java.util.concurrent.ScheduledThreadPoolExecutor$ScheduledFutureTask.run(ScheduledThreadPoolExecutor.java:293)
	at java.util.concurrent.ThreadPoolExecutor.runWorker(ThreadPoolExecutor.java:1149)
	at java.util.concurrent.ThreadPoolExecutor$Worker.run(ThreadPoolExecutor.java:624)
	at java.lang.Thread.run(Thread.java:748)
2026-04-03 22:16:39 [com.alibaba.nacos.naming.beat.sender] ERROR com.alibaba.nacos.client.naming - [NA] failed to request
java.net.SocketTimeoutException: Read timed out
	at java.net.SocketInputStream.socketRead0(Native Method)
	at java.net.SocketInputStream.socketRead(SocketInputStream.java:116)
	at java.net.SocketInputStream.read(SocketInputStream.java:171)
	at java.net.SocketInputStream.read(SocketInputStream.java:141)
	at java.io.BufferedInputStream.fill(BufferedInputStream.java:246)
	at java.io.BufferedInputStream.read1(BufferedInputStream.java:286)
	at java.io.BufferedInputStream.read(BufferedInputStream.java:345)
	at sun.net.www.http.HttpClient.parseHTTPHeader(HttpClient.java:735)
	at sun.net.www.http.HttpClient.parseHTTP(HttpClient.java:678)
	at sun.net.www.protocol.http.HttpURLConnection.getInputStream0(HttpURLConnection.java:1590)
	at sun.net.www.protocol.http.HttpURLConnection.getInputStream(HttpURLConnection.java:1495)
	at java.net.HttpURLConnection.getResponseCode(HttpURLConnection.java:480)
	at com.alibaba.nacos.common.http.client.response.JdkHttpClientResponse.getStatusCode(JdkHttpClientResponse.java:79)
	at com.alibaba.nacos.common.http.client.handler.AbstractResponseHandler.handle(AbstractResponseHandler.java:43)
	at com.alibaba.nacos.common.http.client.NacosRestTemplate.execute(NacosRestTemplate.java:483)
	at com.alibaba.nacos.common.http.client.NacosRestTemplate.exchangeForm(NacosRestTemplate.java:427)
	at com.alibaba.nacos.client.naming.net.NamingProxy.callServer(NamingProxy.java:603)
	at com.alibaba.nacos.client.naming.net.NamingProxy.reqApi(NamingProxy.java:526)
	at com.alibaba.nacos.client.naming.net.NamingProxy.reqApi(NamingProxy.java:498)
	at com.alibaba.nacos.client.naming.net.NamingProxy.sendBeat(NamingProxy.java:433)
	at com.alibaba.nacos.client.naming.beat.BeatReactor$BeatTask.run(BeatReactor.java:167)
	at java.util.concurrent.Executors$RunnableAdapter.call(Executors.java:511)
	at java.util.concurrent.FutureTask.run(FutureTask.java:266)
	at java.util.concurrent.ScheduledThreadPoolExecutor$ScheduledFutureTask.access$201(ScheduledThreadPoolExecutor.java:180)
	at java.util.concurrent.ScheduledThreadPoolExecutor$ScheduledFutureTask.run(ScheduledThreadPoolExecutor.java:293)
	at java.util.concurrent.ThreadPoolExecutor.runWorker(ThreadPoolExecutor.java:1149)
	at java.util.concurrent.ThreadPoolExecutor$Worker.run(ThreadPoolExecutor.java:624)
	at java.lang.Thread.run(Thread.java:748)
2026-04-03 22:18:03 [com.alibaba.nacos.naming.beat.sender] ERROR com.alibaba.nacos.client.naming - [NA] failed to request
java.net.SocketTimeoutException: Read timed out
	at java.net.SocketInputStream.socketRead0(Native Method)
	at java.net.SocketInputStream.socketRead(SocketInputStream.java:116)
	at java.net.SocketInputStream.read(SocketInputStream.java:171)
	at java.net.SocketInputStream.read(SocketInputStream.java:141)
	at java.io.BufferedInputStream.fill(BufferedInputStream.java:246)
	at java.io.BufferedInputStream.read1(BufferedInputStream.java:286)
	at java.io.BufferedInputStream.read(BufferedInputStream.java:345)
	at sun.net.www.http.HttpClient.parseHTTPHeader(HttpClient.java:735)
	at sun.net.www.http.HttpClient.parseHTTP(HttpClient.java:678)
	at sun.net.www.protocol.http.HttpURLConnection.getInputStream0(HttpURLConnection.java:1590)
	at sun.net.www.protocol.http.HttpURLConnection.getInputStream(HttpURLConnection.java:1495)
	at java.net.HttpURLConnection.getResponseCode(HttpURLConnection.java:480)
	at com.alibaba.nacos.common.http.client.response.JdkHttpClientResponse.getStatusCode(JdkHttpClientResponse.java:79)
	at com.alibaba.nacos.common.http.client.handler.AbstractResponseHandler.handle(AbstractResponseHandler.java:43)
	at com.alibaba.nacos.common.http.client.NacosRestTemplate.execute(NacosRestTemplate.java:483)
	at com.alibaba.nacos.common.http.client.NacosRestTemplate.exchangeForm(NacosRestTemplate.java:427)
	at com.alibaba.nacos.client.naming.net.NamingProxy.callServer(NamingProxy.java:603)
	at com.alibaba.nacos.client.naming.net.NamingProxy.reqApi(NamingProxy.java:526)
	at com.alibaba.nacos.client.naming.net.NamingProxy.reqApi(NamingProxy.java:498)
	at com.alibaba.nacos.client.naming.net.NamingProxy.sendBeat(NamingProxy.java:433)
	at com.alibaba.nacos.client.naming.beat.BeatReactor$BeatTask.run(BeatReactor.java:167)
	at java.util.concurrent.Executors$RunnableAdapter.call(Executors.java:511)
	at java.util.concurrent.FutureTask.run(FutureTask.java:266)
	at java.util.concurrent.ScheduledThreadPoolExecutor$ScheduledFutureTask.access$201(ScheduledThreadPoolExecutor.java:180)
	at java.util.concurrent.ScheduledThreadPoolExecutor$ScheduledFutureTask.run(ScheduledThreadPoolExecutor.java:293)
	at java.util.concurrent.ThreadPoolExecutor.runWorker(ThreadPoolExecutor.java:1149)
	at java.util.concurrent.ThreadPoolExecutor$Worker.run(ThreadPoolExecutor.java:624)
	at java.lang.Thread.run(Thread.java:748)
2026-04-03 22:18:09 [com.alibaba.nacos.naming.beat.sender] ERROR com.alibaba.nacos.client.naming - request: /nacos/v1/ns/instance/beat failed, servers: [172.20.0.4:8848], code: 500, msg: Read timed out
2026-04-03 22:18:21 [com.alibaba.nacos.naming.beat.sender] ERROR com.alibaba.nacos.client.naming - [CLIENT-BEAT] failed to send beat: {"port":6688,"ip":"172.20.0.5","weight":1.0,"serviceName":"DEFAULT_GROUP@@hoj-data-backup","cluster":"DEFAULT","metadata":{"preserved.register.source":"SPRING_CLOUD"},"scheduled":false,"period":5000,"stopped":false}, code: 500, msg: failed to req API:/nacos/v1/ns/instance/beat after all servers([172.20.0.4:8848]) tried: java.net.SocketTimeoutException: Read timed out
2026-04-03 22:19:37 [com.alibaba.nacos.naming.beat.sender] ERROR com.alibaba.nacos.client.naming - [NA] failed to request
java.net.SocketTimeoutException: Read timed out
	at java.net.SocketInputStream.socketRead0(Native Method)
	at java.net.SocketInputStream.socketRead(SocketInputStream.java:116)
	at java.net.SocketInputStream.read(SocketInputStream.java:171)
	at java.net.SocketInputStream.read(SocketInputStream.java:141)
	at java.io.BufferedInputStream.fill(BufferedInputStream.java:246)
	at java.io.BufferedInputStream.read1(BufferedInputStream.java:286)
	at java.io.BufferedInputStream.read(BufferedInputStream.java:345)
	at sun.net.www.http.HttpClient.parseHTTPHeader(HttpClient.java:735)
	at sun.net.www.http.HttpClient.parseHTTP(HttpClient.java:678)
	at sun.net.www.protocol.http.HttpURLConnection.getInputStream0(HttpURLConnection.java:1590)
	at sun.net.www.protocol.http.HttpURLConnection.getInputStream(HttpURLConnection.java:1495)
	at java.net.HttpURLConnection.getResponseCode(HttpURLConnection.java:480)
	at com.alibaba.nacos.common.http.client.response.JdkHttpClientResponse.getStatusCode(JdkHttpClientResponse.java:79)
	at com.alibaba.nacos.common.http.client.handler.AbstractResponseHandler.handle(AbstractResponseHandler.java:43)
	at com.alibaba.nacos.common.http.client.NacosRestTemplate.execute(NacosRestTemplate.java:483)
	at com.alibaba.nacos.common.http.client.NacosRestTemplate.exchangeForm(NacosRestTemplate.java:427)
	at com.alibaba.nacos.client.naming.net.NamingProxy.callServer(NamingProxy.java:603)
	at com.alibaba.nacos.client.naming.net.NamingProxy.reqApi(NamingProxy.java:526)
	at com.alibaba.nacos.client.naming.net.NamingProxy.reqApi(NamingProxy.java:498)
	at com.alibaba.nacos.client.naming.net.NamingProxy.sendBeat(NamingProxy.java:433)
	at com.alibaba.nacos.client.naming.beat.BeatReactor$BeatTask.run(BeatReactor.java:167)
	at java.util.concurrent.Executors$RunnableAdapter.call(Executors.java:511)
	at java.util.concurrent.FutureTask.run(FutureTask.java:266)
	at java.util.concurrent.ScheduledThreadPoolExecutor$ScheduledFutureTask.access$201(ScheduledThreadPoolExecutor.java:180)
	at java.util.concurrent.ScheduledThreadPoolExecutor$ScheduledFutureTask.run(ScheduledThreadPoolExecutor.java:293)
	at java.util.concurrent.ThreadPoolExecutor.runWorker(ThreadPoolExecutor.java:1149)
	at java.util.concurrent.ThreadPoolExecutor$Worker.run(ThreadPoolExecutor.java:624)
	at java.lang.Thread.run(Thread.java:748)
2026-04-03 22:20:51 [com.alibaba.nacos.naming.beat.sender] ERROR com.alibaba.nacos.client.naming - [NA] failed to request
java.net.SocketTimeoutException: Read timed out
	at java.net.SocketInputStream.socketRead0(Native Method)
	at java.net.SocketInputStream.socketRead(SocketInputStream.java:116)
	at java.net.SocketInputStream.read(SocketInputStream.java:171)
	at java.net.SocketInputStream.read(SocketInputStream.java:141)
	at java.io.BufferedInputStream.fill(BufferedInputStream.java:246)
	at java.io.BufferedInputStream.read1(BufferedInputStream.java:286)
	at java.io.BufferedInputStream.read(BufferedInputStream.java:345)
	at sun.net.www.http.HttpClient.parseHTTPHeader(HttpClient.java:735)
	at sun.net.www.http.HttpClient.parseHTTP(HttpClient.java:678)
	at sun.net.www.protocol.http.HttpURLConnection.getInputStream0(HttpURLConnection.java:1590)
	at sun.net.www.protocol.http.HttpURLConnection.getInputStream(HttpURLConnection.java:1495)
	at java.net.HttpURLConnection.getResponseCode(HttpURLConnection.java:480)
	at com.alibaba.nacos.common.http.client.response.JdkHttpClientResponse.getStatusCode(JdkHttpClientResponse.java:79)
	at com.alibaba.nacos.common.http.client.handler.AbstractResponseHandler.handle(AbstractResponseHandler.java:43)
	at com.alibaba.nacos.common.http.client.NacosRestTemplate.execute(NacosRestTemplate.java:483)
	at com.alibaba.nacos.common.http.client.NacosRestTemplate.exchangeForm(NacosRestTemplate.java:427)
	at com.alibaba.nacos.client.naming.net.NamingProxy.callServer(NamingProxy.java:603)
	at com.alibaba.nacos.client.naming.net.NamingProxy.reqApi(NamingProxy.java:526)
	at com.alibaba.nacos.client.naming.net.NamingProxy.reqApi(NamingProxy.java:498)
	at com.alibaba.nacos.client.naming.net.NamingProxy.sendBeat(NamingProxy.java:433)
	at com.alibaba.nacos.client.naming.beat.BeatReactor$BeatTask.run(BeatReactor.java:167)
	at java.util.concurrent.Executors$RunnableAdapter.call(Executors.java:511)
	at java.util.concurrent.FutureTask.run(FutureTask.java:266)
	at java.util.concurrent.ScheduledThreadPoolExecutor$ScheduledFutureTask.access$201(ScheduledThreadPoolExecutor.java:180)
	at java.util.concurrent.ScheduledThreadPoolExecutor$ScheduledFutureTask.run(ScheduledThreadPoolExecutor.java:293)
	at java.util.concurrent.ThreadPoolExecutor.runWorker(ThreadPoolExecutor.java:1149)
	at java.util.concurrent.ThreadPoolExecutor$Worker.run(ThreadPoolExecutor.java:624)
	at java.lang.Thread.run(Thread.java:748)
2026-04-03 22:25:06 [com.alibaba.nacos.naming.beat.sender] ERROR com.alibaba.nacos.client.naming - [NA] failed to request
java.net.SocketTimeoutException: Read timed out
	at java.net.SocketInputStream.socketRead0(Native Method)
	at java.net.SocketInputStream.socketRead(SocketInputStream.java:116)
	at java.net.SocketInputStream.read(SocketInputStream.java:171)
	at java.net.SocketInputStream.read(SocketInputStream.java:141)
	at java.io.BufferedInputStream.fill(BufferedInputStream.java:246)
	at java.io.BufferedInputStream.read1(BufferedInputStream.java:286)
	at java.io.BufferedInputStream.read(BufferedInputStream.java:345)
	at sun.net.www.http.HttpClient.parseHTTPHeader(HttpClient.java:735)
	at sun.net.www.http.HttpClient.parseHTTP(HttpClient.java:678)
	at sun.net.www.protocol.http.HttpURLConnection.getInputStream0(HttpURLConnection.java:1590)
	at sun.net.www.protocol.http.HttpURLConnection.getInputStream(HttpURLConnection.java:1495)
	at java.net.HttpURLConnection.getResponseCode(HttpURLConnection.java:480)
	at com.alibaba.nacos.common.http.client.response.JdkHttpClientResponse.getStatusCode(JdkHttpClientResponse.java:79)
	at com.alibaba.nacos.common.http.client.handler.AbstractResponseHandler.handle(AbstractResponseHandler.java:43)
	at com.alibaba.nacos.common.http.client.NacosRestTemplate.execute(NacosRestTemplate.java:483)
	at com.alibaba.nacos.common.http.client.NacosRestTemplate.exchangeForm(NacosRestTemplate.java:427)
	at com.alibaba.nacos.client.naming.net.NamingProxy.callServer(NamingProxy.java:603)
	at com.alibaba.nacos.client.naming.net.NamingProxy.reqApi(NamingProxy.java:526)
	at com.alibaba.nacos.client.naming.net.NamingProxy.reqApi(NamingProxy.java:498)
	at com.alibaba.nacos.client.naming.net.NamingProxy.sendBeat(NamingProxy.java:433)
	at com.alibaba.nacos.client.naming.beat.BeatReactor$BeatTask.run(BeatReactor.java:167)
	at java.util.concurrent.Executors$RunnableAdapter.call(Executors.java:511)
	at java.util.concurrent.FutureTask.run(FutureTask.java:266)
	at java.util.concurrent.ScheduledThreadPoolExecutor$ScheduledFutureTask.access$201(ScheduledThreadPoolExecutor.java:180)
	at java.util.concurrent.ScheduledThreadPoolExecutor$ScheduledFutureTask.run(ScheduledThreadPoolExecutor.java:293)
	at java.util.concurrent.ThreadPoolExecutor.runWorker(ThreadPoolExecutor.java:1149)
	at java.util.concurrent.ThreadPoolExecutor$Worker.run(ThreadPoolExecutor.java:624)
	at java.lang.Thread.run(Thread.java:748)
2026-04-03 22:25:06 [com.alibaba.nacos.naming.beat.sender] ERROR com.alibaba.nacos.client.naming - request: /nacos/v1/ns/instance/beat failed, servers: [172.20.0.4:8848], code: 500, msg: Read timed out
2026-04-03 22:25:06 [com.alibaba.nacos.naming.beat.sender] ERROR com.alibaba.nacos.client.naming - [CLIENT-BEAT] failed to send beat: {"port":6688,"ip":"172.20.0.5","weight":1.0,"serviceName":"DEFAULT_GROUP@@hoj-data-backup","cluster":"DEFAULT","metadata":{"preserved.register.source":"SPRING_CLOUD"},"scheduled":false,"period":5000,"stopped":false}, code: 500, msg: failed to req API:/nacos/v1/ns/instance/beat after all servers([172.20.0.4:8848]) tried: java.net.SocketTimeoutException: Read timed out
2026-04-03 22:25:06 [http-nio-6688-exec-15] ERROR hoj - 系统通用异常-------------->org.mybatis.spring.MyBatisSystemException: nested exception is org.apache.ibatis.exceptions.PersistenceException: 
### Error querying database.  Cause: org.springframework.jdbc.CannotGetJdbcConnectionException: Failed to obtain JDBC Connection; nested exception is com.alibaba.druid.pool.GetConnectionTimeoutException: wait millis 60810, active 6, maxActive 200, creating 1, createElapseMillis 180340
### The error may exist in top/hcode/hoj/mapper/FileMapper.java (best guess)
### The error may involve top.hcode.hoj.mapper.FileMapper.queryCarouselFileList
### The error occurred while executing a query
### Cause: org.springframework.jdbc.CannotGetJdbcConnectionException: Failed to obtain JDBC Connection; nested exception is com.alibaba.druid.pool.GetConnectionTimeoutException: wait millis 60810, active 6, maxActive 200, creating 1, createElapseMillis 180340
	at org.mybatis.spring.MyBatisExceptionTranslator.translateExceptionIfPossible(MyBatisExceptionTranslator.java:78)
	at org.mybatis.spring.SqlSessionTemplate$SqlSessionInterceptor.invoke(SqlSessionTemplate.java:440)
	at com.sun.proxy.$Proxy126.selectList(Unknown Source)
	at org.mybatis.spring.SqlSessionTemplate.selectList(SqlSessionTemplate.java:223)
	at com.baomidou.mybatisplus.core.override.MybatisMapperMethod.executeForMany(MybatisMapperMethod.java:158)
	at com.baomidou.mybatisplus.core.override.MybatisMapperMethod.execute(MybatisMapperMethod.java:76)
	at com.baomidou.mybatisplus.core.override.MybatisMapperProxy.invoke(MybatisMapperProxy.java:61)
	at com.sun.proxy.$Proxy148.queryCarouselFileList(Unknown Source)
	at sun.reflect.NativeMethodAccessorImpl.invoke0(Native Method)
	at sun.reflect.NativeMethodAccessorImpl.invoke(NativeMethodAccessorImpl.java:62)
	at sun.reflect.DelegatingMethodAccessorImpl.invoke(DelegatingMethodAccessorImpl.java:43)
	at java.lang.reflect.Method.invoke(Method.java:498)
	at org.springframework.aop.support.AopUtils.invokeJoinpointUsingReflection(AopUtils.java:344)
	at org.springframework.aop.framework.ReflectiveMethodInvocation.invokeJoinpoint(ReflectiveMethodInvocation.java:198)
	at org.springframework.aop.framework.ReflectiveMethodInvocation.proceed(ReflectiveMethodInvocation.java:163)
	at org.springframework.dao.support.PersistenceExceptionTranslationInterceptor.invoke(PersistenceExceptionTranslationInterceptor.java:139)
	at org.springframework.aop.framework.ReflectiveMethodInvocation.proceed(ReflectiveMethodInvocation.java:186)
	at org.springframework.aop.framework.JdkDynamicAopProxy.invoke(JdkDynamicAopProxy.java:212)
	at com.sun.proxy.$Proxy149.queryCarouselFileList(Unknown Source)
	at top.hcode.hoj.dao.common.impl.FileEntityEntityServiceImpl.queryCarouselFileList(FileEntityEntityServiceImpl.java:43)
	at top.hcode.hoj.dao.common.impl.FileEntityEntityServiceImpl$$FastClassBySpringCGLIB$$6de4ab8f.invoke(<generated>)
	at org.springframework.cglib.proxy.MethodProxy.invoke(MethodProxy.java:218)
	at org.springframework.aop.framework.CglibAopProxy$DynamicAdvisedInterceptor.intercept(CglibAopProxy.java:687)
	at top.hcode.hoj.dao.common.impl.FileEntityEntityServiceImpl$$EnhancerBySpringCGLIB$$c6319db1.queryCarouselFileList(<generated>)
	at top.hcode.hoj.dao.common.impl.FileEntityEntityServiceImpl$$FastClassBySpringCGLIB$$6de4ab8f.invoke(<generated>)
	at org.springframework.cglib.proxy.MethodProxy.invoke(MethodProxy.java:218)
	at org.springframework.aop.framework.CglibAopProxy$DynamicAdvisedInterceptor.intercept(CglibAopProxy.java:687)
	at top.hcode.hoj.dao.common.impl.FileEntityEntityServiceImpl$$EnhancerBySpringCGLIB$$f1c58239.queryCarouselFileList(<generated>)
	at top.hcode.hoj.manager.oj.HomeManager.getHomeCarousel(HomeManager.java:91)
	at top.hcode.hoj.service.oj.impl.HomeServiceImpl.getHomeCarousel(HomeServiceImpl.java:33)
	at top.hcode.hoj.controller.oj.HomeController.getHomeCarousel(HomeController.java:56)
	at sun.reflect.NativeMethodAccessorImpl.invoke0(Native Method)
	at sun.reflect.NativeMethodAccessorImpl.invoke(NativeMethodAccessorImpl.java:62)
	at sun.reflect.DelegatingMethodAccessorImpl.invoke(DelegatingMethodAccessorImpl.java:43)
	at java.lang.reflect.Method.invoke(Method.java:498)
	at org.springframework.web.method.support.InvocableHandlerMethod.doInvoke(InvocableHandlerMethod.java:190)
	at org.springframework.web.method.support.InvocableHandlerMethod.invokeForRequest(InvocableHandlerMethod.java:138)
	at org.springframework.web.servlet.mvc.method.annotation.ServletInvocableHandlerMethod.invokeAndHandle(ServletInvocableHandlerMethod.java:105)
	at org.springframework.web.servlet.mvc.method.annotation.RequestMappingHandlerAdapter.invokeHandlerMethod(RequestMappingHandlerAdapter.java:879)
	at org.springframework.web.servlet.mvc.method.annotation.RequestMappingHandlerAdapter.handleInternal(RequestMappingHandlerAdapter.java:793)
	at org.springframework.web.servlet.mvc.method.AbstractHandlerMethodAdapter.handle(AbstractHandlerMethodAdapter.java:87)
	at org.springframework.web.servlet.DispatcherServlet.doDispatch(DispatcherServlet.java:1040)
	at org.springframework.web.servlet.DispatcherServlet.doService(DispatcherServlet.java:943)
	at org.springframework.web.servlet.FrameworkServlet.processRequest(FrameworkServlet.java:1006)
	at org.springframework.web.servlet.FrameworkServlet.doGet(FrameworkServlet.java:898)
	at javax.servlet.http.HttpServlet.service(HttpServlet.java:634)
	at org.springframework.web.servlet.FrameworkServlet.service(FrameworkServlet.java:883)
	at javax.servlet.http.HttpServlet.service(HttpServlet.java:741)
	at org.apache.catalina.core.ApplicationFilterChain.internalDoFilter(ApplicationFilterChain.java:231)
	at org.apache.catalina.core.ApplicationFilterChain.doFilter(ApplicationFilterChain.java:166)
	at org.apache.tomcat.websocket.server.WsFilter.doFilter(WsFilter.java:53)
	at org.apache.catalina.core.ApplicationFilterChain.internalDoFilter(ApplicationFilterChain.java:193)
	at org.apache.catalina.core.ApplicationFilterChain.doFilter(ApplicationFilterChain.java:166)
	at org.apache.shiro.web.servlet.OncePerRequestFilter.doFilter(OncePerRequestFilter.java:112)
	at org.apache.catalina.core.ApplicationFilterChain.internalDoFilter(ApplicationFilterChain.java:193)
	at org.apache.catalina.core.ApplicationFilterChain.doFilter(ApplicationFilterChain.java:166)
	at org.apache.shiro.web.servlet.ProxiedFilterChain.doFilter(ProxiedFilterChain.java:61)
	at org.apache.shiro.web.servlet.AdviceFilter.executeChain(AdviceFilter.java:108)
	at org.apache.shiro.web.servlet.AdviceFilter.doFilterInternal(AdviceFilter.java:137)
	at org.apache.shiro.web.servlet.OncePerRequestFilter.doFilter(OncePerRequestFilter.java:125)
	at org.apache.shiro.web.servlet.ProxiedFilterChain.doFilter(ProxiedFilterChain.java:66)
	at org.apache.shiro.web.servlet.AbstractShiroFilter.executeChain(AbstractShiroFilter.java:449)
	at org.apache.shiro.web.servlet.AbstractShiroFilter$1.call(AbstractShiroFilter.java:365)
	at org.apache.shiro.subject.support.SubjectCallable.doCall(SubjectCallable.java:90)
	at org.apache.shiro.subject.support.SubjectCallable.call(SubjectCallable.java:83)
	at org.apache.shiro.subject.support.DelegatingSubject.execute(DelegatingSubject.java:387)
	at org.apache.shiro.web.servlet.AbstractShiroFilter.doFilterInternal(AbstractShiroFilter.java:362)
	at org.apache.shiro.web.servlet.OncePerRequestFilter.doFilter(OncePerRequestFilter.java:125)
	at org.apache.catalina.core.ApplicationFilterChain.internalDoFilter(ApplicationFilterChain.java:193)
	at org.apache.catalina.core.ApplicationFilterChain.doFilter(ApplicationFilterChain.java:166)
	at org.springframework.web.filter.RequestContextFilter.doFilterInternal(RequestContextFilter.java:100)
	at org.springframework.web.filter.OncePerRequestFilter.doFilter(OncePerRequestFilter.java:119)
	at org.apache.catalina.core.ApplicationFilterChain.internalDoFilter(ApplicationFilterChain.java:193)
	at org.apache.catalina.core.ApplicationFilterChain.doFilter(ApplicationFilterChain.java:166)
	at org.springframework.web.filter.FormContentFilter.doFilterInternal(FormContentFilter.java:93)
	at org.springframework.web.filter.OncePerRequestFilter.doFilter(OncePerRequestFilter.java:119)
	at org.apache.catalina.core.ApplicationFilterChain.internalDoFilter(ApplicationFilterChain.java:193)
	at org.apache.catalina.core.ApplicationFilterChain.doFilter(ApplicationFilterChain.java:166)
	at org.springframework.boot.actuate.metrics.web.servlet.WebMvcMetricsFilter.doFilterInternal(WebMvcMetricsFilter.java:109)
	at org.springframework.web.filter.OncePerRequestFilter.doFilter(OncePerRequestFilter.java:119)
	at org.apache.catalina.core.ApplicationFilterChain.internalDoFilter(ApplicationFilterChain.java:193)
	at org.apache.catalina.core.ApplicationFilterChain.doFilter(ApplicationFilterChain.java:166)
	at org.springframework.web.filter.CharacterEncodingFilter.doFilterInternal(CharacterEncodingFilter.java:201)
	at org.springframework.web.filter.OncePerRequestFilter.doFilter(OncePerRequestFilter.java:119)
	at org.apache.catalina.core.ApplicationFilterChain.internalDoFilter(ApplicationFilterChain.java:193)
	at org.apache.catalina.core.ApplicationFilterChain.doFilter(ApplicationFilterChain.java:166)
	at org.apache.catalina.core.StandardWrapperValve.invoke(StandardWrapperValve.java:202)
	at org.apache.catalina.core.StandardContextValve.invoke(StandardContextValve.java:96)
	at org.apache.catalina.authenticator.AuthenticatorBase.invoke(AuthenticatorBase.java:541)
	at org.apache.catalina.core.StandardHostValve.invoke(StandardHostValve.java:139)
	at org.apache.catalina.valves.ErrorReportValve.invoke(ErrorReportValve.java:92)
	at org.apache.catalina.core.StandardEngineValve.invoke(StandardEngineValve.java:74)
	at org.apache.catalina.connector.CoyoteAdapter.service(CoyoteAdapter.java:343)
	at org.apache.coyote.http11.Http11Processor.service(Http11Processor.java:373)
	at org.apache.coyote.AbstractProcessorLight.process(AbstractProcessorLight.java:65)
	at org.apache.coyote.AbstractProtocol$ConnectionHandler.process(AbstractProtocol.java:868)
	at org.apache.tomcat.util.net.NioEndpoint$SocketProcessor.doRun(NioEndpoint.java:1594)
	at org.apache.tomcat.util.net.SocketProcessorBase.run(SocketProcessorBase.java:49)
	at java.util.concurrent.ThreadPoolExecutor.runWorker(ThreadPoolExecutor.java:1149)
	at java.util.concurrent.ThreadPoolExecutor$Worker.run(ThreadPoolExecutor.java:624)
	at org.apache.tomcat.util.threads.TaskThread$WrappingRunnable.run(TaskThread.java:61)
	at java.lang.Thread.run(Thread.java:748)
Caused by: org.apache.ibatis.exceptions.PersistenceException: 
### Error querying database.  Cause: org.springframework.jdbc.CannotGetJdbcConnectionException: Failed to obtain JDBC Connection; nested exception is com.alibaba.druid.pool.GetConnectionTimeoutException: wait millis 60810, active 6, maxActive 200, creating 1, createElapseMillis 180340
### The error may exist in top/hcode/hoj/mapper/FileMapper.java (best guess)
### The error may involve top.hcode.hoj.mapper.FileMapper.queryCarouselFileList
### The error occurred while executing a query
### Cause: org.springframework.jdbc.CannotGetJdbcConnectionException: Failed to obtain JDBC Connection; nested exception is com.alibaba.druid.pool.GetConnectionTimeoutException: wait millis 60810, active 6, maxActive 200, creating 1, createElapseMillis 180340
	at org.apache.ibatis.exceptions.ExceptionFactory.wrapException(ExceptionFactory.java:30)
	at org.apache.ibatis.session.defaults.DefaultSqlSession.selectList(DefaultSqlSession.java:149)
	at org.apache.ibatis.session.defaults.DefaultSqlSession.selectList(DefaultSqlSession.java:140)
	at sun.reflect.GeneratedMethodAccessor150.invoke(Unknown Source)
	at sun.reflect.DelegatingMethodAccessorImpl.invoke(DelegatingMethodAccessorImpl.java:43)
	at java.lang.reflect.Method.invoke(Method.java:498)
	at org.mybatis.spring.SqlSessionTemplate$SqlSessionInterceptor.invoke(SqlSessionTemplate.java:426)
	... 100 more
Caused by: org.springframework.jdbc.CannotGetJdbcConnectionException: Failed to obtain JDBC Connection; nested exception is com.alibaba.druid.pool.GetConnectionTimeoutException: wait millis 60810, active 6, maxActive 200, creating 1, createElapseMillis 180340
	at org.springframework.jdbc.datasource.DataSourceUtils.getConnection(DataSourceUtils.java:82)
	at org.mybatis.spring.transaction.SpringManagedTransaction.openConnection(SpringManagedTransaction.java:80)
	at org.mybatis.spring.transaction.SpringManagedTransaction.getConnection(SpringManagedTransaction.java:67)
	at org.apache.ibatis.executor.BaseExecutor.getConnection(BaseExecutor.java:336)
	at com.baomidou.mybatisplus.core.executor.MybatisSimpleExecutor.prepareStatement(MybatisSimpleExecutor.java:93)
	at com.baomidou.mybatisplus.core.executor.MybatisSimpleExecutor.doQuery(MybatisSimpleExecutor.java:66)
	at org.apache.ibatis.executor.BaseExecutor.queryFromDatabase(BaseExecutor.java:324)
	at org.apache.ibatis.executor.BaseExecutor.query(BaseExecutor.java:156)
	at org.apache.ibatis.executor.CachingExecutor.query(CachingExecutor.java:109)
	at org.apache.ibatis.executor.CachingExecutor.query(CachingExecutor.java:83)
	at sun.reflect.GeneratedMethodAccessor143.invoke(Unknown Source)
	at sun.reflect.DelegatingMethodAccessorImpl.invoke(DelegatingMethodAccessorImpl.java:43)
	at java.lang.reflect.Method.invoke(Method.java:498)
	at org.apache.ibatis.plugin.Plugin.invoke(Plugin.java:63)
	at com.sun.proxy.$Proxy272.query(Unknown Source)
	at org.apache.ibatis.session.defaults.DefaultSqlSession.selectList(DefaultSqlSession.java:147)
	... 105 more
Caused by: com.alibaba.druid.pool.GetConnectionTimeoutException: wait millis 60810, active 6, maxActive 200, creating 1, createElapseMillis 180340
	at com.alibaba.druid.pool.DruidDataSource.getConnectionInternal(DruidDataSource.java:1682)
	at com.alibaba.druid.pool.DruidDataSource.getConnectionDirect(DruidDataSource.java:1395)
	at com.alibaba.druid.pool.DruidDataSource.getConnection(DruidDataSource.java:1375)
	at com.alibaba.druid.pool.DruidDataSource.getConnection(DruidDataSource.java:1365)
	at sun.reflect.GeneratedMethodAccessor131.invoke(Unknown Source)
	at sun.reflect.DelegatingMethodAccessorImpl.invoke(DelegatingMethodAccessorImpl.java:43)
	at java.lang.reflect.Method.invoke(Method.java:498)
	at org.springframework.util.ReflectionUtils.invokeMethod(ReflectionUtils.java:282)
	at org.springframework.cloud.context.scope.GenericScope$LockedScopedProxyFactoryBean.invoke(GenericScope.java:499)
	at org.springframework.aop.framework.ReflectiveMethodInvocation.proceed(ReflectiveMethodInvocation.java:186)
	at org.springframework.aop.framework.CglibAopProxy$CglibMethodInvocation.proceed(CglibAopProxy.java:749)
	at org.springframework.aop.framework.CglibAopProxy$DynamicAdvisedInterceptor.intercept(CglibAopProxy.java:691)
	at com.alibaba.druid.pool.DruidDataSource$$EnhancerBySpringCGLIB$$674cff4f.getConnection(<generated>)
	at org.springframework.jdbc.datasource.DataSourceUtils.fetchConnection(DataSourceUtils.java:158)
	at org.springframework.jdbc.datasource.DataSourceUtils.doGetConnection(DataSourceUtils.java:116)
	at org.springframework.jdbc.datasource.DataSourceUtils.getConnection(DataSourceUtils.java:79)
	... 120 more

2026-04-03 22:25:06 [http-nio-6688-exec-9] ERROR hoj - 系统通用异常-------------->org.mybatis.spring.MyBatisSystemException: nested exception is org.apache.ibatis.exceptions.PersistenceException: 
### Error querying database.  Cause: org.springframework.jdbc.CannotGetJdbcConnectionException: Failed to obtain JDBC Connection; nested exception is com.alibaba.druid.pool.GetConnectionTimeoutException: wait millis 60379, active 6, maxActive 200, creating 1, createElapseMillis 256807
### The error may exist in URL [jar:file:/app.jar!/BOOT-INF/classes!/top/hcode/hoj/mapper/xml/RoleAuthMapper.xml]
### The error may involve top.hcode.hoj.mapper.RoleAuthMapper.getRoleAuths
### The error occurred while executing a query
### Cause: org.springframework.jdbc.CannotGetJdbcConnectionException: Failed to obtain JDBC Connection; nested exception is com.alibaba.druid.pool.GetConnectionTimeoutException: wait millis 60379, active 6, maxActive 200, creating 1, createElapseMillis 256807
	at org.mybatis.spring.MyBatisExceptionTranslator.translateExceptionIfPossible(MyBatisExceptionTranslator.java:78)
	at org.mybatis.spring.SqlSessionTemplate$SqlSessionInterceptor.invoke(SqlSessionTemplate.java:440)
	at com.sun.proxy.$Proxy126.selectOne(Unknown Source)
	at org.mybatis.spring.SqlSessionTemplate.selectOne(SqlSessionTemplate.java:159)
	at com.baomidou.mybatisplus.core.override.MybatisMapperMethod.execute(MybatisMapperMethod.java:89)
	at com.baomidou.mybatisplus.core.override.MybatisMapperProxy.invoke(MybatisMapperProxy.java:61)
	at com.sun.proxy.$Proxy132.getRoleAuths(Unknown Source)
	at sun.reflect.NativeMethodAccessorImpl.invoke0(Native Method)
	at sun.reflect.NativeMethodAccessorImpl.invoke(NativeMethodAccessorImpl.java:62)
	at sun.reflect.DelegatingMethodAccessorImpl.invoke(DelegatingMethodAccessorImpl.java:43)
	at java.lang.reflect.Method.invoke(Method.java:498)
	at org.springframework.aop.support.AopUtils.invokeJoinpointUsingReflection(AopUtils.java:344)
	at org.springframework.aop.framework.ReflectiveMethodInvocation.invokeJoinpoint(ReflectiveMethodInvocation.java:198)
	at org.springframework.aop.framework.ReflectiveMethodInvocation.proceed(ReflectiveMethodInvocation.java:163)
	at org.springframework.dao.support.PersistenceExceptionTranslationInterceptor.invoke(PersistenceExceptionTranslationInterceptor.java:139)
	at org.springframework.aop.framework.ReflectiveMethodInvocation.proceed(ReflectiveMethodInvocation.java:186)
	at org.springframework.aop.framework.JdkDynamicAopProxy.invoke(JdkDynamicAopProxy.java:212)
	at com.sun.proxy.$Proxy133.getRoleAuths(Unknown Source)
	at top.hcode.hoj.shiro.AccountRealm.doGetAuthorizationInfo(AccountRealm.java:61)
	at org.apache.shiro.realm.AuthorizingRealm.getAuthorizationInfo(AuthorizingRealm.java:342)
	at org.apache.shiro.realm.AuthorizingRealm.hasRole(AuthorizingRealm.java:576)
	at org.apache.shiro.authz.ModularRealmAuthorizer.hasRole(ModularRealmAuthorizer.java:374)
	at org.apache.shiro.mgt.AuthorizingSecurityManager.hasRole(AuthorizingSecurityManager.java:153)
	at org.apache.shiro.subject.support.DelegatingSubject.hasRole(DelegatingSubject.java:228)
	at org.apache.shiro.authz.aop.RoleAnnotationHandler.assertAuthorized(RoleAnnotationHandler.java:70)
	at org.apache.shiro.authz.aop.AuthorizingAnnotationMethodInterceptor.assertAuthorized(AuthorizingAnnotationMethodInterceptor.java:84)
	at org.apache.shiro.authz.aop.AnnotationsAuthorizingMethodInterceptor.assertAuthorized(AnnotationsAuthorizingMethodInterceptor.java:100)
	at org.apache.shiro.authz.aop.AuthorizingMethodInterceptor.invoke(AuthorizingMethodInterceptor.java:38)
	at org.apache.shiro.spring.security.interceptor.AopAllianceAnnotationsAuthorizingMethodInterceptor.invoke(AopAllianceAnnotationsAuthorizingMethodInterceptor.java:115)
	at org.springframework.aop.framework.ReflectiveMethodInvocation.proceed(ReflectiveMethodInvocation.java:186)
	at org.springframework.aop.framework.CglibAopProxy$CglibMethodInvocation.proceed(CglibAopProxy.java:749)
	at org.springframework.aop.framework.CglibAopProxy$DynamicAdvisedInterceptor.intercept(CglibAopProxy.java:691)
	at top.hcode.hoj.controller.admin.DashboardController$$EnhancerBySpringCGLIB$$72b575f6.getDashboardInfo(<generated>)
	at sun.reflect.NativeMethodAccessorImpl.invoke0(Native Method)
	at sun.reflect.NativeMethodAccessorImpl.invoke(NativeMethodAccessorImpl.java:62)
	at sun.reflect.DelegatingMethodAccessorImpl.invoke(DelegatingMethodAccessorImpl.java:43)
	at java.lang.reflect.Method.invoke(Method.java:498)
	at org.springframework.web.method.support.InvocableHandlerMethod.doInvoke(InvocableHandlerMethod.java:190)
	at org.springframework.web.method.support.InvocableHandlerMethod.invokeForRequest(InvocableHandlerMethod.java:138)
	at org.springframework.web.servlet.mvc.method.annotation.ServletInvocableHandlerMethod.invokeAndHandle(ServletInvocableHandlerMethod.java:105)
	at org.springframework.web.servlet.mvc.method.annotation.RequestMappingHandlerAdapter.invokeHandlerMethod(RequestMappingHandlerAdapter.java:879)
	at org.springframework.web.servlet.mvc.method.annotation.RequestMappingHandlerAdapter.handleInternal(RequestMappingHandlerAdapter.java:793)
	at org.springframework.web.servlet.mvc.method.AbstractHandlerMethodAdapter.handle(AbstractHandlerMethodAdapter.java:87)
	at org.springframework.web.servlet.DispatcherServlet.doDispatch(DispatcherServlet.java:1040)
	at org.springframework.web.servlet.DispatcherServlet.doService(DispatcherServlet.java:943)
	at org.springframework.web.servlet.FrameworkServlet.processRequest(FrameworkServlet.java:1006)
	at org.springframework.web.servlet.FrameworkServlet.doGet(FrameworkServlet.java:898)
	at javax.servlet.http.HttpServlet.service(HttpServlet.java:634)
	at org.springframework.web.servlet.FrameworkServlet.service(FrameworkServlet.java:883)
	at javax.servlet.http.HttpServlet.service(HttpServlet.java:741)
	at org.apache.catalina.core.ApplicationFilterChain.internalDoFilter(ApplicationFilterChain.java:231)
	at org.apache.catalina.core.ApplicationFilterChain.doFilter(ApplicationFilterChain.java:166)
	at org.apache.tomcat.websocket.server.WsFilter.doFilter(WsFilter.java:53)
	at org.apache.catalina.core.ApplicationFilterChain.internalDoFilter(ApplicationFilterChain.java:193)
	at org.apache.catalina.core.ApplicationFilterChain.doFilter(ApplicationFilterChain.java:166)
	at org.apache.shiro.web.servlet.OncePerRequestFilter.doFilter(OncePerRequestFilter.java:112)
	at org.apache.catalina.core.ApplicationFilterChain.internalDoFilter(ApplicationFilterChain.java:193)
	at org.apache.catalina.core.ApplicationFilterChain.doFilter(ApplicationFilterChain.java:166)
	at org.apache.shiro.web.servlet.ProxiedFilterChain.doFilter(ProxiedFilterChain.java:61)
	at org.apache.shiro.web.servlet.AdviceFilter.executeChain(AdviceFilter.java:108)
	at org.apache.shiro.web.servlet.AdviceFilter.doFilterInternal(AdviceFilter.java:137)
	at org.apache.shiro.web.servlet.OncePerRequestFilter.doFilter(OncePerRequestFilter.java:125)
	at org.apache.shiro.web.servlet.ProxiedFilterChain.doFilter(ProxiedFilterChain.java:66)
	at org.apache.shiro.web.servlet.AbstractShiroFilter.executeChain(AbstractShiroFilter.java:449)
	at org.apache.shiro.web.servlet.AbstractShiroFilter$1.call(AbstractShiroFilter.java:365)
	at org.apache.shiro.subject.support.SubjectCallable.doCall(SubjectCallable.java:90)
	at org.apache.shiro.subject.support.SubjectCallable.call(SubjectCallable.java:83)
	at org.apache.shiro.subject.support.DelegatingSubject.execute(DelegatingSubject.java:387)
	at org.apache.shiro.web.servlet.AbstractShiroFilter.doFilterInternal(AbstractShiroFilter.java:362)
	at org.apache.shiro.web.servlet.OncePerRequestFilter.doFilter(OncePerRequestFilter.java:125)
	at org.apache.catalina.core.ApplicationFilterChain.internalDoFilter(ApplicationFilterChain.java:193)
	at org.apache.catalina.core.ApplicationFilterChain.doFilter(ApplicationFilterChain.java:166)
	at org.springframework.web.filter.RequestContextFilter.doFilterInternal(RequestContextFilter.java:100)
	at org.springframework.web.filter.OncePerRequestFilter.doFilter(OncePerRequestFilter.java:119)
	at org.apache.catalina.core.ApplicationFilterChain.internalDoFilter(ApplicationFilterChain.java:193)
	at org.apache.catalina.core.ApplicationFilterChain.doFilter(ApplicationFilterChain.java:166)
	at org.springframework.web.filter.FormContentFilter.doFilterInternal(FormContentFilter.java:93)
	at org.springframework.web.filter.OncePerRequestFilter.doFilter(OncePerRequestFilter.java:119)
	at org.apache.catalina.core.ApplicationFilterChain.internalDoFilter(ApplicationFilterChain.java:193)
	at org.apache.catalina.core.ApplicationFilterChain.doFilter(ApplicationFilterChain.java:166)
	at org.springframework.boot.actuate.metrics.web.servlet.WebMvcMetricsFilter.doFilterInternal(WebMvcMetricsFilter.java:109)
	at org.springframework.web.filter.OncePerRequestFilter.doFilter(OncePerRequestFilter.java:119)
	at org.apache.catalina.core.ApplicationFilterChain.internalDoFilter(ApplicationFilterChain.java:193)
	at org.apache.catalina.core.ApplicationFilterChain.doFilter(ApplicationFilterChain.java:166)
	at org.springframework.web.filter.CharacterEncodingFilter.doFilterInternal(CharacterEncodingFilter.java:201)
	at org.springframework.web.filter.OncePerRequestFilter.doFilter(OncePerRequestFilter.java:119)
	at org.apache.catalina.core.ApplicationFilterChain.internalDoFilter(ApplicationFilterChain.java:193)
	at org.apache.catalina.core.ApplicationFilterChain.doFilter(ApplicationFilterChain.java:166)
	at org.apache.catalina.core.StandardWrapperValve.invoke(StandardWrapperValve.java:202)
	at org.apache.catalina.core.StandardContextValve.invoke(StandardContextValve.java:96)
	at org.apache.catalina.authenticator.AuthenticatorBase.invoke(AuthenticatorBase.java:541)
	at org.apache.catalina.core.StandardHostValve.invoke(StandardHostValve.java:139)
	at org.apache.catalina.valves.ErrorReportValve.invoke(ErrorReportValve.java:92)
	at org.apache.catalina.core.StandardEngineValve.invoke(StandardEngineValve.java:74)
	at org.apache.catalina.connector.CoyoteAdapter.service(CoyoteAdapter.java:343)
	at org.apache.coyote.http11.Http11Processor.service(Http11Processor.java:373)
	at org.apache.coyote.AbstractProcessorLight.process(AbstractProcessorLight.java:65)
	at org.apache.coyote.AbstractProtocol$ConnectionHandler.process(AbstractProtocol.java:868)
	at org.apache.tomcat.util.net.NioEndpoint$SocketProcessor.doRun(NioEndpoint.java:1594)
	at org.apache.tomcat.util.net.SocketProcessorBase.run(SocketProcessorBase.java:49)
	at java.util.concurrent.ThreadPoolExecutor.runWorker(ThreadPoolExecutor.java:1149)
	at java.util.concurrent.ThreadPoolExecutor$Worker.run(ThreadPoolExecutor.java:624)
	at org.apache.tomcat.util.threads.TaskThread$WrappingRunnable.run(TaskThread.java:61)
	at java.lang.Thread.run(Thread.java:748)
Caused by: org.apache.ibatis.exceptions.PersistenceException: 
### Error querying database.  Cause: org.springframework.jdbc.CannotGetJdbcConnectionException: Failed to obtain JDBC Connection; nested exception is com.alibaba.druid.pool.GetConnectionTimeoutException: wait millis 60379, active 6, maxActive 200, creating 1, createElapseMillis 256807
### The error may exist in URL [jar:file:/app.jar!/BOOT-INF/classes!/top/hcode/hoj/mapper/xml/RoleAuthMapper.xml]
### The error may involve top.hcode.hoj.mapper.RoleAuthMapper.getRoleAuths
### The error occurred while executing a query
### Cause: org.springframework.jdbc.CannotGetJdbcConnectionException: Failed to obtain JDBC Connection; nested exception is com.alibaba.druid.pool.GetConnectionTimeoutException: wait millis 60379, active 6, maxActive 200, creating 1, createElapseMillis 256807
	at org.apache.ibatis.exceptions.ExceptionFactory.wrapException(ExceptionFactory.java:30)
	at org.apache.ibatis.session.defaults.DefaultSqlSession.selectList(DefaultSqlSession.java:149)
	at org.apache.ibatis.session.defaults.DefaultSqlSession.selectList(DefaultSqlSession.java:140)
	at org.apache.ibatis.session.defaults.DefaultSqlSession.selectOne(DefaultSqlSession.java:76)
	at sun.reflect.NativeMethodAccessorImpl.invoke0(Native Method)
	at sun.reflect.NativeMethodAccessorImpl.invoke(NativeMethodAccessorImpl.java:62)
	at sun.reflect.DelegatingMethodAccessorImpl.invoke(DelegatingMethodAccessorImpl.java:43)
	at java.lang.reflect.Method.invoke(Method.java:498)
	at org.mybatis.spring.SqlSessionTemplate$SqlSessionInterceptor.invoke(SqlSessionTemplate.java:426)
	... 102 more
Caused by: org.springframework.jdbc.CannotGetJdbcConnectionException: Failed to obtain JDBC Connection; nested exception is com.alibaba.druid.pool.GetConnectionTimeoutException: wait millis 60379, active 6, maxActive 200, creating 1, createElapseMillis 256807
	at org.springframework.jdbc.datasource.DataSourceUtils.getConnection(DataSourceUtils.java:82)
	at org.mybatis.spring.transaction.SpringManagedTransaction.openConnection(SpringManagedTransaction.java:80)
	at org.mybatis.spring.transaction.SpringManagedTransaction.getConnection(SpringManagedTransaction.java:67)
	at org.apache.ibatis.executor.BaseExecutor.getConnection(BaseExecutor.java:336)
	at com.baomidou.mybatisplus.core.executor.MybatisSimpleExecutor.prepareStatement(MybatisSimpleExecutor.java:93)
	at com.baomidou.mybatisplus.core.executor.MybatisSimpleExecutor.doQuery(MybatisSimpleExecutor.java:66)
	at org.apache.ibatis.executor.BaseExecutor.queryFromDatabase(BaseExecutor.java:324)
	at org.apache.ibatis.executor.BaseExecutor.query(BaseExecutor.java:156)
	at org.apache.ibatis.executor.CachingExecutor.query(CachingExecutor.java:109)
	at org.apache.ibatis.executor.CachingExecutor.query(CachingExecutor.java:83)
	at sun.reflect.GeneratedMethodAccessor143.invoke(Unknown Source)
	at sun.reflect.DelegatingMethodAccessorImpl.invoke(DelegatingMethodAccessorImpl.java:43)
	at java.lang.reflect.Method.invoke(Method.java:498)
	at org.apache.ibatis.plugin.Plugin.invoke(Plugin.java:63)
	at com.sun.proxy.$Proxy272.query(Unknown Source)
	at org.apache.ibatis.session.defaults.DefaultSqlSession.selectList(DefaultSqlSession.java:147)
	... 109 more
Caused by: com.alibaba.druid.pool.GetConnectionTimeoutException: wait millis 60379, active 6, maxActive 200, creating 1, createElapseMillis 256807
	at com.alibaba.druid.pool.DruidDataSource.getConnectionInternal(DruidDataSource.java:1682)
	at com.alibaba.druid.pool.DruidDataSource.getConnectionDirect(DruidDataSource.java:1395)
	at com.alibaba.druid.pool.DruidDataSource.getConnection(DruidDataSource.java:1375)
	at com.alibaba.druid.pool.DruidDataSource.getConnection(DruidDataSource.java:1365)
	at sun.reflect.GeneratedMethodAccessor131.invoke(Unknown Source)
	at sun.reflect.DelegatingMethodAccessorImpl.invoke(DelegatingMethodAccessorImpl.java:43)
	at java.lang.reflect.Method.invoke(Method.java:498)
	at org.springframework.util.ReflectionUtils.invokeMethod(ReflectionUtils.java:282)
	at org.springframework.cloud.context.scope.GenericScope$LockedScopedProxyFactoryBean.invoke(GenericScope.java:499)
	at org.springframework.aop.framework.ReflectiveMethodInvocation.proceed(ReflectiveMethodInvocation.java:186)
	at org.springframework.aop.framework.CglibAopProxy$CglibMethodInvocation.proceed(CglibAopProxy.java:749)
	at org.springframework.aop.framework.CglibAopProxy$DynamicAdvisedInterceptor.intercept(CglibAopProxy.java:691)
	at com.alibaba.druid.pool.DruidDataSource$$EnhancerBySpringCGLIB$$674cff4f.getConnection(<generated>)
	at org.springframework.jdbc.datasource.DataSourceUtils.fetchConnection(DataSourceUtils.java:158)
	at org.springframework.jdbc.datasource.DataSourceUtils.doGetConnection(DataSourceUtils.java:116)
	at org.springframework.jdbc.datasource.DataSourceUtils.getConnection(DataSourceUtils.java:79)
	... 124 more

2026-04-03 22:25:06 [http-nio-6688-exec-12] ERROR hoj - 系统通用异常-------------->org.mybatis.spring.MyBatisSystemException: nested exception is org.apache.ibatis.exceptions.PersistenceException: 
### Error querying database.  Cause: org.springframework.jdbc.CannotGetJdbcConnectionException: Failed to obtain JDBC Connection; nested exception is com.alibaba.druid.pool.GetConnectionTimeoutException: wait millis 60085, active 6, maxActive 200, creating 1, createElapseMillis 179634
### The error may exist in URL [jar:file:/app.jar!/BOOT-INF/classes!/top/hcode/hoj/mapper/xml/UserRoleMapper.xml]
### The error may involve top.hcode.hoj.mapper.UserRoleMapper.getRolesByUid
### The error occurred while executing a query
### Cause: org.springframework.jdbc.CannotGetJdbcConnectionException: Failed to obtain JDBC Connection; nested exception is com.alibaba.druid.pool.GetConnectionTimeoutException: wait millis 60085, active 6, maxActive 200, creating 1, createElapseMillis 179634
	at org.mybatis.spring.MyBatisExceptionTranslator.translateExceptionIfPossible(MyBatisExceptionTranslator.java:78)
	at org.mybatis.spring.SqlSessionTemplate$SqlSessionInterceptor.invoke(SqlSessionTemplate.java:440)
	at com.sun.proxy.$Proxy126.selectList(Unknown Source)
	at org.mybatis.spring.SqlSessionTemplate.selectList(SqlSessionTemplate.java:223)
	at com.baomidou.mybatisplus.core.override.MybatisMapperMethod.executeForMany(MybatisMapperMethod.java:158)
	at com.baomidou.mybatisplus.core.override.MybatisMapperMethod.execute(MybatisMapperMethod.java:76)
	at com.baomidou.mybatisplus.core.override.MybatisMapperProxy.invoke(MybatisMapperProxy.java:61)
	at com.sun.proxy.$Proxy127.getRolesByUid(Unknown Source)
	at sun.reflect.NativeMethodAccessorImpl.invoke0(Native Method)
	at sun.reflect.NativeMethodAccessorImpl.invoke(NativeMethodAccessorImpl.java:62)
	at sun.reflect.DelegatingMethodAccessorImpl.invoke(DelegatingMethodAccessorImpl.java:43)
	at java.lang.reflect.Method.invoke(Method.java:498)
	at org.springframework.aop.support.AopUtils.invokeJoinpointUsingReflection(AopUtils.java:344)
	at org.springframework.aop.framework.ReflectiveMethodInvocation.invokeJoinpoint(ReflectiveMethodInvocation.java:198)
	at org.springframework.aop.framework.ReflectiveMethodInvocation.proceed(ReflectiveMethodInvocation.java:163)
	at org.springframework.dao.support.PersistenceExceptionTranslationInterceptor.invoke(PersistenceExceptionTranslationInterceptor.java:139)
	at org.springframework.aop.framework.ReflectiveMethodInvocation.proceed(ReflectiveMethodInvocation.java:186)
	at org.springframework.aop.framework.JdkDynamicAopProxy.invoke(JdkDynamicAopProxy.java:212)
	at com.sun.proxy.$Proxy129.getRolesByUid(Unknown Source)
	at top.hcode.hoj.dao.user.impl.UserRoleEntityServiceImpl.getRolesByUid(UserRoleEntityServiceImpl.java:49)
	at top.hcode.hoj.manager.oj.AccountManager.getUserAuthInfo(AccountManager.java:514)
	at top.hcode.hoj.service.oj.impl.AccountServiceImpl.getUserAuthInfo(AccountServiceImpl.java:94)
	at top.hcode.hoj.controller.oj.AccountController.getUserAuthInfo(AccountController.java:112)
	at top.hcode.hoj.controller.oj.AccountController$$FastClassBySpringCGLIB$$81f3012b.invoke(<generated>)
	at org.springframework.cglib.proxy.MethodProxy.invoke(MethodProxy.java:218)
	at org.springframework.aop.framework.CglibAopProxy$CglibMethodInvocation.invokeJoinpoint(CglibAopProxy.java:771)
	at org.springframework.aop.framework.ReflectiveMethodInvocation.proceed(ReflectiveMethodInvocation.java:163)
	at org.springframework.aop.framework.CglibAopProxy$CglibMethodInvocation.proceed(CglibAopProxy.java:749)
	at org.apache.shiro.spring.security.interceptor.AopAllianceAnnotationsAuthorizingMethodInterceptor$1.proceed(AopAllianceAnnotationsAuthorizingMethodInterceptor.java:82)
	at org.apache.shiro.authz.aop.AuthorizingMethodInterceptor.invoke(AuthorizingMethodInterceptor.java:39)
	at org.apache.shiro.spring.security.interceptor.AopAllianceAnnotationsAuthorizingMethodInterceptor.invoke(AopAllianceAnnotationsAuthorizingMethodInterceptor.java:115)
	at org.springframework.aop.framework.ReflectiveMethodInvocation.proceed(ReflectiveMethodInvocation.java:186)
	at org.springframework.aop.framework.CglibAopProxy$CglibMethodInvocation.proceed(CglibAopProxy.java:749)
	at org.springframework.aop.framework.CglibAopProxy$DynamicAdvisedInterceptor.intercept(CglibAopProxy.java:691)
	at top.hcode.hoj.controller.oj.AccountController$$EnhancerBySpringCGLIB$$593aaddd.getUserAuthInfo(<generated>)
	at top.hcode.hoj.controller.oj.AccountController$$FastClassBySpringCGLIB$$81f3012b.invoke(<generated>)
	at org.springframework.cglib.proxy.MethodProxy.invoke(MethodProxy.java:218)
	at org.springframework.aop.framework.CglibAopProxy$CglibMethodInvocation.invokeJoinpoint(CglibAopProxy.java:771)
	at org.springframework.aop.framework.ReflectiveMethodInvocation.proceed(ReflectiveMethodInvocation.java:163)
	at org.springframework.aop.framework.CglibAopProxy$CglibMethodInvocation.proceed(CglibAopProxy.java:749)
	at org.apache.shiro.spring.security.interceptor.AopAllianceAnnotationsAuthorizingMethodInterceptor$1.proceed(AopAllianceAnnotationsAuthorizingMethodInterceptor.java:82)
	at org.apache.shiro.authz.aop.AuthorizingMethodInterceptor.invoke(AuthorizingMethodInterceptor.java:39)
	at org.apache.shiro.spring.security.interceptor.AopAllianceAnnotationsAuthorizingMethodInterceptor.invoke(AopAllianceAnnotationsAuthorizingMethodInterceptor.java:115)
	at org.springframework.aop.framework.ReflectiveMethodInvocation.proceed(ReflectiveMethodInvocation.java:186)
	at org.springframework.aop.framework.CglibAopProxy$CglibMethodInvocation.proceed(CglibAopProxy.java:749)
	at org.springframework.aop.framework.CglibAopProxy$DynamicAdvisedInterceptor.intercept(CglibAopProxy.java:691)
	at top.hcode.hoj.controller.oj.AccountController$$EnhancerBySpringCGLIB$$b0f7384d.getUserAuthInfo(<generated>)
	at sun.reflect.NativeMethodAccessorImpl.invoke0(Native Method)
	at sun.reflect.NativeMethodAccessorImpl.invoke(NativeMethodAccessorImpl.java:62)
	at sun.reflect.DelegatingMethodAccessorImpl.invoke(DelegatingMethodAccessorImpl.java:43)
	at java.lang.reflect.Method.invoke(Method.java:498)
	at org.springframework.web.method.support.InvocableHandlerMethod.doInvoke(InvocableHandlerMethod.java:190)
	at org.springframework.web.method.support.InvocableHandlerMethod.invokeForRequest(InvocableHandlerMethod.java:138)
	at org.springframework.web.servlet.mvc.method.annotation.ServletInvocableHandlerMethod.invokeAndHandle(ServletInvocableHandlerMethod.java:105)
	at org.springframework.web.servlet.mvc.method.annotation.RequestMappingHandlerAdapter.invokeHandlerMethod(RequestMappingHandlerAdapter.java:879)
	at org.springframework.web.servlet.mvc.method.annotation.RequestMappingHandlerAdapter.handleInternal(RequestMappingHandlerAdapter.java:793)
	at org.springframework.web.servlet.mvc.method.AbstractHandlerMethodAdapter.handle(AbstractHandlerMethodAdapter.java:87)
	at org.springframework.web.servlet.DispatcherServlet.doDispatch(DispatcherServlet.java:1040)
	at org.springframework.web.servlet.DispatcherServlet.doService(DispatcherServlet.java:943)
	at org.springframework.web.servlet.FrameworkServlet.processRequest(FrameworkServlet.java:1006)
	at org.springframework.web.servlet.FrameworkServlet.doGet(FrameworkServlet.java:898)
	at javax.servlet.http.HttpServlet.service(HttpServlet.java:634)
	at org.springframework.web.servlet.FrameworkServlet.service(FrameworkServlet.java:883)
	at javax.servlet.http.HttpServlet.service(HttpServlet.java:741)
	at org.apache.catalina.core.ApplicationFilterChain.internalDoFilter(ApplicationFilterChain.java:231)
	at org.apache.catalina.core.ApplicationFilterChain.doFilter(ApplicationFilterChain.java:166)
	at org.apache.tomcat.websocket.server.WsFilter.doFilter(WsFilter.java:53)
	at org.apache.catalina.core.ApplicationFilterChain.internalDoFilter(ApplicationFilterChain.java:193)
	at org.apache.catalina.core.ApplicationFilterChain.doFilter(ApplicationFilterChain.java:166)
	at org.apache.shiro.web.servlet.OncePerRequestFilter.doFilter(OncePerRequestFilter.java:112)
	at org.apache.catalina.core.ApplicationFilterChain.internalDoFilter(ApplicationFilterChain.java:193)
	at org.apache.catalina.core.ApplicationFilterChain.doFilter(ApplicationFilterChain.java:166)
	at org.apache.shiro.web.servlet.ProxiedFilterChain.doFilter(ProxiedFilterChain.java:61)
	at org.apache.shiro.web.servlet.AdviceFilter.executeChain(AdviceFilter.java:108)
	at org.apache.shiro.web.servlet.AdviceFilter.doFilterInternal(AdviceFilter.java:137)
	at org.apache.shiro.web.servlet.OncePerRequestFilter.doFilter(OncePerRequestFilter.java:125)
	at org.apache.shiro.web.servlet.ProxiedFilterChain.doFilter(ProxiedFilterChain.java:66)
	at org.apache.shiro.web.servlet.AbstractShiroFilter.executeChain(AbstractShiroFilter.java:449)
	at org.apache.shiro.web.servlet.AbstractShiroFilter$1.call(AbstractShiroFilter.java:365)
	at org.apache.shiro.subject.support.SubjectCallable.doCall(SubjectCallable.java:90)
	at org.apache.shiro.subject.support.SubjectCallable.call(SubjectCallable.java:83)
	at org.apache.shiro.subject.support.DelegatingSubject.execute(DelegatingSubject.java:387)
	at org.apache.shiro.web.servlet.AbstractShiroFilter.doFilterInternal(AbstractShiroFilter.java:362)
	at org.apache.shiro.web.servlet.OncePerRequestFilter.doFilter(OncePerRequestFilter.java:125)
	at org.apache.catalina.core.ApplicationFilterChain.internalDoFilter(ApplicationFilterChain.java:193)
	at org.apache.catalina.core.ApplicationFilterChain.doFilter(ApplicationFilterChain.java:166)
	at org.springframework.web.filter.RequestContextFilter.doFilterInternal(RequestContextFilter.java:100)
	at org.springframework.web.filter.OncePerRequestFilter.doFilter(OncePerRequestFilter.java:119)
	at org.apache.catalina.core.ApplicationFilterChain.internalDoFilter(ApplicationFilterChain.java:193)
	at org.apache.catalina.core.ApplicationFilterChain.doFilter(ApplicationFilterChain.java:166)
	at org.springframework.web.filter.FormContentFilter.doFilterInternal(FormContentFilter.java:93)
	at org.springframework.web.filter.OncePerRequestFilter.doFilter(OncePerRequestFilter.java:119)
	at org.apache.catalina.core.ApplicationFilterChain.internalDoFilter(ApplicationFilterChain.java:193)
	at org.apache.catalina.core.ApplicationFilterChain.doFilter(ApplicationFilterChain.java:166)
	at org.springframework.boot.actuate.metrics.web.servlet.WebMvcMetricsFilter.doFilterInternal(WebMvcMetricsFilter.java:109)
	at org.springframework.web.filter.OncePerRequestFilter.doFilter(OncePerRequestFilter.java:119)
	at org.apache.catalina.core.ApplicationFilterChain.internalDoFilter(ApplicationFilterChain.java:193)
	at org.apache.catalina.core.ApplicationFilterChain.doFilter(ApplicationFilterChain.java:166)
	at org.springframework.web.filter.CharacterEncodingFilter.doFilterInternal(CharacterEncodingFilter.java:201)
	at org.springframework.web.filter.OncePerRequestFilter.doFilter(OncePerRequestFilter.java:119)
	at org.apache.catalina.core.ApplicationFilterChain.internalDoFilter(ApplicationFilterChain.java:193)
	at org.apache.catalina.core.ApplicationFilterChain.doFilter(ApplicationFilterChain.java:166)
	at org.apache.catalina.core.StandardWrapperValve.invoke(StandardWrapperValve.java:202)
	at org.apache.catalina.core.StandardContextValve.invoke(StandardContextValve.java:96)
	at org.apache.catalina.authenticator.AuthenticatorBase.invoke(AuthenticatorBase.java:541)
	at org.apache.catalina.core.StandardHostValve.invoke(StandardHostValve.java:139)
	at org.apache.catalina.valves.ErrorReportValve.invoke(ErrorReportValve.java:92)
	at org.apache.catalina.core.StandardEngineValve.invoke(StandardEngineValve.java:74)
	at org.apache.catalina.connector.CoyoteAdapter.service(CoyoteAdapter.java:343)
	at org.apache.coyote.http11.Http11Processor.service(Http11Processor.java:373)
	at org.apache.coyote.AbstractProcessorLight.process(AbstractProcessorLight.java:65)
	at org.apache.coyote.AbstractProtocol$ConnectionHandler.process(AbstractProtocol.java:868)
	at org.apache.tomcat.util.net.NioEndpoint$SocketProcessor.doRun(NioEndpoint.java:1594)
	at org.apache.tomcat.util.net.SocketProcessorBase.run(SocketProcessorBase.java:49)
	at java.util.concurrent.ThreadPoolExecutor.runWorker(ThreadPoolExecutor.java:1149)
	at java.util.concurrent.ThreadPoolExecutor$Worker.run(ThreadPoolExecutor.java:624)
	at org.apache.tomcat.util.threads.TaskThread$WrappingRunnable.run(TaskThread.java:61)
	at java.lang.Thread.run(Thread.java:748)
Caused by: org.apache.ibatis.exceptions.PersistenceException: 
### Error querying database.  Cause: org.springframework.jdbc.CannotGetJdbcConnectionException: Failed to obtain JDBC Connection; nested exception is com.alibaba.druid.pool.GetConnectionTimeoutException: wait millis 60085, active 6, maxActive 200, creating 1, createElapseMillis 179634
### The error may exist in URL [jar:file:/app.jar!/BOOT-INF/classes!/top/hcode/hoj/mapper/xml/UserRoleMapper.xml]
### The error may involve top.hcode.hoj.mapper.UserRoleMapper.getRolesByUid
### The error occurred while executing a query
### Cause: org.springframework.jdbc.CannotGetJdbcConnectionException: Failed to obtain JDBC Connection; nested exception is com.alibaba.druid.pool.GetConnectionTimeoutException: wait millis 60085, active 6, maxActive 200, creating 1, createElapseMillis 179634
	at org.apache.ibatis.exceptions.ExceptionFactory.wrapException(ExceptionFactory.java:30)
	at org.apache.ibatis.session.defaults.DefaultSqlSession.selectList(DefaultSqlSession.java:149)
	at org.apache.ibatis.session.defaults.DefaultSqlSession.selectList(DefaultSqlSession.java:140)
	at sun.reflect.GeneratedMethodAccessor150.invoke(Unknown Source)
	at sun.reflect.DelegatingMethodAccessorImpl.invoke(DelegatingMethodAccessorImpl.java:43)
	at java.lang.reflect.Method.invoke(Method.java:498)
	at org.mybatis.spring.SqlSessionTemplate$SqlSessionInterceptor.invoke(SqlSessionTemplate.java:426)
	... 116 more
Caused by: org.springframework.jdbc.CannotGetJdbcConnectionException: Failed to obtain JDBC Connection; nested exception is com.alibaba.druid.pool.GetConnectionTimeoutException: wait millis 60085, active 6, maxActive 200, creating 1, createElapseMillis 179634
	at org.springframework.jdbc.datasource.DataSourceUtils.getConnection(DataSourceUtils.java:82)
	at org.mybatis.spring.transaction.SpringManagedTransaction.openConnection(SpringManagedTransaction.java:80)
	at org.mybatis.spring.transaction.SpringManagedTransaction.getConnection(SpringManagedTransaction.java:67)
	at org.apache.ibatis.executor.BaseExecutor.getConnection(BaseExecutor.java:336)
	at com.baomidou.mybatisplus.core.executor.MybatisSimpleExecutor.prepareStatement(MybatisSimpleExecutor.java:93)
	at com.baomidou.mybatisplus.core.executor.MybatisSimpleExecutor.doQuery(MybatisSimpleExecutor.java:66)
	at org.apache.ibatis.executor.BaseExecutor.queryFromDatabase(BaseExecutor.java:324)
	at org.apache.ibatis.executor.BaseExecutor.query(BaseExecutor.java:156)
	at org.apache.ibatis.executor.CachingExecutor.query(CachingExecutor.java:109)
	at org.apache.ibatis.executor.CachingExecutor.query(CachingExecutor.java:83)
	at sun.reflect.GeneratedMethodAccessor143.invoke(Unknown Source)
	at sun.reflect.DelegatingMethodAccessorImpl.invoke(DelegatingMethodAccessorImpl.java:43)
	at java.lang.reflect.Method.invoke(Method.java:498)
	at org.apache.ibatis.plugin.Plugin.invoke(Plugin.java:63)
	at com.sun.proxy.$Proxy272.query(Unknown Source)
	at org.apache.ibatis.session.defaults.DefaultSqlSession.selectList(DefaultSqlSession.java:147)
	... 121 more
Caused by: com.alibaba.druid.pool.GetConnectionTimeoutException: wait millis 60085, active 6, maxActive 200, creating 1, createElapseMillis 179634
	at com.alibaba.druid.pool.DruidDataSource.getConnectionInternal(DruidDataSource.java:1682)
	at com.alibaba.druid.pool.DruidDataSource.getConnectionDirect(DruidDataSource.java:1395)
	at com.alibaba.druid.pool.DruidDataSource.getConnection(DruidDataSource.java:1375)
	at com.alibaba.druid.pool.DruidDataSource.getConnection(DruidDataSource.java:1365)
	at sun.reflect.GeneratedMethodAccessor131.invoke(Unknown Source)
	at sun.reflect.DelegatingMethodAccessorImpl.invoke(DelegatingMethodAccessorImpl.java:43)
	at java.lang.reflect.Method.invoke(Method.java:498)
	at org.springframework.util.ReflectionUtils.invokeMethod(ReflectionUtils.java:282)
	at org.springframework.cloud.context.scope.GenericScope$LockedScopedProxyFactoryBean.invoke(GenericScope.java:499)
	at org.springframework.aop.framework.ReflectiveMethodInvocation.proceed(ReflectiveMethodInvocation.java:186)
	at org.springframework.aop.framework.CglibAopProxy$CglibMethodInvocation.proceed(CglibAopProxy.java:749)
	at org.springframework.aop.framework.CglibAopProxy$DynamicAdvisedInterceptor.intercept(CglibAopProxy.java:691)
	at com.alibaba.druid.pool.DruidDataSource$$EnhancerBySpringCGLIB$$674cff4f.getConnection(<generated>)
	at org.springframework.jdbc.datasource.DataSourceUtils.fetchConnection(DataSourceUtils.java:158)
	at org.springframework.jdbc.datasource.DataSourceUtils.doGetConnection(DataSourceUtils.java:116)
	at org.springframework.jdbc.datasource.DataSourceUtils.getConnection(DataSourceUtils.java:79)
	... 136 more

2026-04-03 22:25:06 [http-nio-6688-exec-16] ERROR hoj - 系统通用异常-------------->org.mybatis.spring.MyBatisSystemException: nested exception is org.apache.ibatis.exceptions.PersistenceException: 
### Error querying database.  Cause: org.springframework.jdbc.CannotGetJdbcConnectionException: Failed to obtain JDBC Connection; nested exception is com.alibaba.druid.pool.GetConnectionTimeoutException: wait millis 60095, active 6, maxActive 200, creating 1, createElapseMillis 250630
### The error may exist in URL [jar:file:/app.jar!/BOOT-INF/classes!/top/hcode/hoj/mapper/xml/UserRoleMapper.xml]
### The error may involve top.hcode.hoj.mapper.UserRoleMapper.getRolesByUid
### The error occurred while executing a query
### Cause: org.springframework.jdbc.CannotGetJdbcConnectionException: Failed to obtain JDBC Connection; nested exception is com.alibaba.druid.pool.GetConnectionTimeoutException: wait millis 60095, active 6, maxActive 200, creating 1, createElapseMillis 250630
	at org.mybatis.spring.MyBatisExceptionTranslator.translateExceptionIfPossible(MyBatisExceptionTranslator.java:78)
	at org.mybatis.spring.SqlSessionTemplate$SqlSessionInterceptor.invoke(SqlSessionTemplate.java:440)
	at com.sun.proxy.$Proxy126.selectList(Unknown Source)
	at org.mybatis.spring.SqlSessionTemplate.selectList(SqlSessionTemplate.java:223)
	at com.baomidou.mybatisplus.core.override.MybatisMapperMethod.executeForMany(MybatisMapperMethod.java:158)
	at com.baomidou.mybatisplus.core.override.MybatisMapperMethod.execute(MybatisMapperMethod.java:76)
	at com.baomidou.mybatisplus.core.override.MybatisMapperProxy.invoke(MybatisMapperProxy.java:61)
	at com.sun.proxy.$Proxy127.getRolesByUid(Unknown Source)
	at sun.reflect.NativeMethodAccessorImpl.invoke0(Native Method)
	at sun.reflect.NativeMethodAccessorImpl.invoke(NativeMethodAccessorImpl.java:62)
	at sun.reflect.DelegatingMethodAccessorImpl.invoke(DelegatingMethodAccessorImpl.java:43)
	at java.lang.reflect.Method.invoke(Method.java:498)
	at org.springframework.aop.support.AopUtils.invokeJoinpointUsingReflection(AopUtils.java:344)
	at org.springframework.aop.framework.ReflectiveMethodInvocation.invokeJoinpoint(ReflectiveMethodInvocation.java:198)
	at org.springframework.aop.framework.ReflectiveMethodInvocation.proceed(ReflectiveMethodInvocation.java:163)
	at org.springframework.dao.support.PersistenceExceptionTranslationInterceptor.invoke(PersistenceExceptionTranslationInterceptor.java:139)
	at org.springframework.aop.framework.ReflectiveMethodInvocation.proceed(ReflectiveMethodInvocation.java:186)
	at org.springframework.aop.framework.JdkDynamicAopProxy.invoke(JdkDynamicAopProxy.java:212)
	at com.sun.proxy.$Proxy129.getRolesByUid(Unknown Source)
	at top.hcode.hoj.dao.user.impl.UserRoleEntityServiceImpl.getRolesByUid(UserRoleEntityServiceImpl.java:49)
	at top.hcode.hoj.shiro.AccountRealm.doGetAuthorizationInfo(AccountRealm.java:58)
	at org.apache.shiro.realm.AuthorizingRealm.getAuthorizationInfo(AuthorizingRealm.java:342)
	at org.apache.shiro.realm.AuthorizingRealm.isPermitted(AuthorizingRealm.java:465)
	at org.apache.shiro.realm.AuthorizingRealm.isPermitted(AuthorizingRealm.java:461)
	at org.apache.shiro.authz.ModularRealmAuthorizer.isPermitted(ModularRealmAuthorizer.java:223)
	at org.apache.shiro.authz.ModularRealmAuthorizer.checkPermission(ModularRealmAuthorizer.java:322)
	at org.apache.shiro.mgt.AuthorizingSecurityManager.checkPermission(AuthorizingSecurityManager.java:137)
	at org.apache.shiro.subject.support.DelegatingSubject.checkPermission(DelegatingSubject.java:209)
	at org.apache.shiro.authz.aop.PermissionAnnotationHandler.assertAuthorized(PermissionAnnotationHandler.java:74)
	at org.apache.shiro.authz.aop.AuthorizingAnnotationMethodInterceptor.assertAuthorized(AuthorizingAnnotationMethodInterceptor.java:84)
	at org.apache.shiro.authz.aop.AnnotationsAuthorizingMethodInterceptor.assertAuthorized(AnnotationsAuthorizingMethodInterceptor.java:100)
	at org.apache.shiro.authz.aop.AuthorizingMethodInterceptor.invoke(AuthorizingMethodInterceptor.java:38)
	at org.apache.shiro.spring.security.interceptor.AopAllianceAnnotationsAuthorizingMethodInterceptor.invoke(AopAllianceAnnotationsAuthorizingMethodInterceptor.java:115)
	at org.springframework.aop.framework.ReflectiveMethodInvocation.proceed(ReflectiveMethodInvocation.java:186)
	at org.springframework.aop.framework.CglibAopProxy$CglibMethodInvocation.proceed(CglibAopProxy.java:749)
	at org.springframework.aop.framework.CglibAopProxy$DynamicAdvisedInterceptor.intercept(CglibAopProxy.java:691)
	at top.hcode.hoj.controller.admin.ConfigController$$EnhancerBySpringCGLIB$$408f58dc.getEmailConfig(<generated>)
	at sun.reflect.NativeMethodAccessorImpl.invoke0(Native Method)
	at sun.reflect.NativeMethodAccessorImpl.invoke(NativeMethodAccessorImpl.java:62)
	at sun.reflect.DelegatingMethodAccessorImpl.invoke(DelegatingMethodAccessorImpl.java:43)
	at java.lang.reflect.Method.invoke(Method.java:498)
	at org.springframework.web.method.support.InvocableHandlerMethod.doInvoke(InvocableHandlerMethod.java:190)
	at org.springframework.web.method.support.InvocableHandlerMethod.invokeForRequest(InvocableHandlerMethod.java:138)
	at org.springframework.web.servlet.mvc.method.annotation.ServletInvocableHandlerMethod.invokeAndHandle(ServletInvocableHandlerMethod.java:105)
	at org.springframework.web.servlet.mvc.method.annotation.RequestMappingHandlerAdapter.invokeHandlerMethod(RequestMappingHandlerAdapter.java:879)
	at org.springframework.web.servlet.mvc.method.annotation.RequestMappingHandlerAdapter.handleInternal(RequestMappingHandlerAdapter.java:793)
	at org.springframework.web.servlet.mvc.method.AbstractHandlerMethodAdapter.handle(AbstractHandlerMethodAdapter.java:87)
	at org.springframework.web.servlet.DispatcherServlet.doDispatch(DispatcherServlet.java:1040)
	at org.springframework.web.servlet.DispatcherServlet.doService(DispatcherServlet.java:943)
	at org.springframework.web.servlet.FrameworkServlet.processRequest(FrameworkServlet.java:1006)
	at org.springframework.web.servlet.FrameworkServlet.doGet(FrameworkServlet.java:898)
	at javax.servlet.http.HttpServlet.service(HttpServlet.java:634)
	at org.springframework.web.servlet.FrameworkServlet.service(FrameworkServlet.java:883)
	at javax.servlet.http.HttpServlet.service(HttpServlet.java:741)
	at org.apache.catalina.core.ApplicationFilterChain.internalDoFilter(ApplicationFilterChain.java:231)
	at org.apache.catalina.core.ApplicationFilterChain.doFilter(ApplicationFilterChain.java:166)
	at org.apache.tomcat.websocket.server.WsFilter.doFilter(WsFilter.java:53)
	at org.apache.catalina.core.ApplicationFilterChain.internalDoFilter(ApplicationFilterChain.java:193)
	at org.apache.catalina.core.ApplicationFilterChain.doFilter(ApplicationFilterChain.java:166)
	at org.apache.shiro.web.servlet.OncePerRequestFilter.doFilter(OncePerRequestFilter.java:112)
	at org.apache.catalina.core.ApplicationFilterChain.internalDoFilter(ApplicationFilterChain.java:193)
	at org.apache.catalina.core.ApplicationFilterChain.doFilter(ApplicationFilterChain.java:166)
	at org.apache.shiro.web.servlet.ProxiedFilterChain.doFilter(ProxiedFilterChain.java:61)
	at org.apache.shiro.web.servlet.AdviceFilter.executeChain(AdviceFilter.java:108)
	at org.apache.shiro.web.servlet.AdviceFilter.doFilterInternal(AdviceFilter.java:137)
	at org.apache.shiro.web.servlet.OncePerRequestFilter.doFilter(OncePerRequestFilter.java:125)
	at org.apache.shiro.web.servlet.ProxiedFilterChain.doFilter(ProxiedFilterChain.java:66)
	at org.apache.shiro.web.servlet.AbstractShiroFilter.executeChain(AbstractShiroFilter.java:449)
	at org.apache.shiro.web.servlet.AbstractShiroFilter$1.call(AbstractShiroFilter.java:365)
	at org.apache.shiro.subject.support.SubjectCallable.doCall(SubjectCallable.java:90)
	at org.apache.shiro.subject.support.SubjectCallable.call(SubjectCallable.java:83)
	at org.apache.shiro.subject.support.DelegatingSubject.execute(DelegatingSubject.java:387)
	at org.apache.shiro.web.servlet.AbstractShiroFilter.doFilterInternal(AbstractShiroFilter.java:362)
	at org.apache.shiro.web.servlet.OncePerRequestFilter.doFilter(OncePerRequestFilter.java:125)
	at org.apache.catalina.core.ApplicationFilterChain.internalDoFilter(ApplicationFilterChain.java:193)
	at org.apache.catalina.core.ApplicationFilterChain.doFilter(ApplicationFilterChain.java:166)
	at org.springframework.web.filter.RequestContextFilter.doFilterInternal(RequestContextFilter.java:100)
	at org.springframework.web.filter.OncePerRequestFilter.doFilter(OncePerRequestFilter.java:119)
	at org.apache.catalina.core.ApplicationFilterChain.internalDoFilter(ApplicationFilterChain.java:193)
	at org.apache.catalina.core.ApplicationFilterChain.doFilter(ApplicationFilterChain.java:166)
	at org.springframework.web.filter.FormContentFilter.doFilterInternal(FormContentFilter.java:93)
	at org.springframework.web.filter.OncePerRequestFilter.doFilter(OncePerRequestFilter.java:119)
	at org.apache.catalina.core.ApplicationFilterChain.internalDoFilter(ApplicationFilterChain.java:193)
	at org.apache.catalina.core.ApplicationFilterChain.doFilter(ApplicationFilterChain.java:166)
	at org.springframework.boot.actuate.metrics.web.servlet.WebMvcMetricsFilter.doFilterInternal(WebMvcMetricsFilter.java:109)
	at org.springframework.web.filter.OncePerRequestFilter.doFilter(OncePerRequestFilter.java:119)
	at org.apache.catalina.core.ApplicationFilterChain.internalDoFilter(ApplicationFilterChain.java:193)
	at org.apache.catalina.core.ApplicationFilterChain.doFilter(ApplicationFilterChain.java:166)
	at org.springframework.web.filter.CharacterEncodingFilter.doFilterInternal(CharacterEncodingFilter.java:201)
	at org.springframework.web.filter.OncePerRequestFilter.doFilter(OncePerRequestFilter.java:119)
	at org.apache.catalina.core.ApplicationFilterChain.internalDoFilter(ApplicationFilterChain.java:193)
	at org.apache.catalina.core.ApplicationFilterChain.doFilter(ApplicationFilterChain.java:166)
	at org.apache.catalina.core.StandardWrapperValve.invoke(StandardWrapperValve.java:202)
	at org.apache.catalina.core.StandardContextValve.invoke(StandardContextValve.java:96)
	at org.apache.catalina.authenticator.AuthenticatorBase.invoke(AuthenticatorBase.java:541)
	at org.apache.catalina.core.StandardHostValve.invoke(StandardHostValve.java:139)
	at org.apache.catalina.valves.ErrorReportValve.invoke(ErrorReportValve.java:92)
	at org.apache.catalina.core.StandardEngineValve.invoke(StandardEngineValve.java:74)
	at org.apache.catalina.connector.CoyoteAdapter.service(CoyoteAdapter.java:343)
	at org.apache.coyote.http11.Http11Processor.service(Http11Processor.java:373)
	at org.apache.coyote.AbstractProcessorLight.process(AbstractProcessorLight.java:65)
	at org.apache.coyote.AbstractProtocol$ConnectionHandler.process(AbstractProtocol.java:868)
	at org.apache.tomcat.util.net.NioEndpoint$SocketProcessor.doRun(NioEndpoint.java:1594)
	at org.apache.tomcat.util.net.SocketProcessorBase.run(SocketProcessorBase.java:49)
	at java.util.concurrent.ThreadPoolExecutor.runWorker(ThreadPoolExecutor.java:1149)
	at java.util.concurrent.ThreadPoolExecutor$Worker.run(ThreadPoolExecutor.java:624)
	at org.apache.tomcat.util.threads.TaskThread$WrappingRunnable.run(TaskThread.java:61)
	at java.lang.Thread.run(Thread.java:748)
Caused by: org.apache.ibatis.exceptions.PersistenceException: 
### Error querying database.  Cause: org.springframework.jdbc.CannotGetJdbcConnectionException: Failed to obtain JDBC Connection; nested exception is com.alibaba.druid.pool.GetConnectionTimeoutException: wait millis 60095, active 6, maxActive 200, creating 1, createElapseMillis 250630
### The error may exist in URL [jar:file:/app.jar!/BOOT-INF/classes!/top/hcode/hoj/mapper/xml/UserRoleMapper.xml]
### The error may involve top.hcode.hoj.mapper.UserRoleMapper.getRolesByUid
### The error occurred while executing a query
### Cause: org.springframework.jdbc.CannotGetJdbcConnectionException: Failed to obtain JDBC Connection; nested exception is com.alibaba.druid.pool.GetConnectionTimeoutException: wait millis 60095, active 6, maxActive 200, creating 1, createElapseMillis 250630
	at org.apache.ibatis.exceptions.ExceptionFactory.wrapException(ExceptionFactory.java:30)
	at org.apache.ibatis.session.defaults.DefaultSqlSession.selectList(DefaultSqlSession.java:149)
	at org.apache.ibatis.session.defaults.DefaultSqlSession.selectList(DefaultSqlSession.java:140)
	at sun.reflect.GeneratedMethodAccessor150.invoke(Unknown Source)
	at sun.reflect.DelegatingMethodAccessorImpl.invoke(DelegatingMethodAccessorImpl.java:43)
	at java.lang.reflect.Method.invoke(Method.java:498)
	at org.mybatis.spring.SqlSessionTemplate$SqlSessionInterceptor.invoke(SqlSessionTemplate.java:426)
	... 106 more
Caused by: org.springframework.jdbc.CannotGetJdbcConnectionException: Failed to obtain JDBC Connection; nested exception is com.alibaba.druid.pool.GetConnectionTimeoutException: wait millis 60095, active 6, maxActive 200, creating 1, createElapseMillis 250630
	at org.springframework.jdbc.datasource.DataSourceUtils.getConnection(DataSourceUtils.java:82)
	at org.mybatis.spring.transaction.SpringManagedTransaction.openConnection(SpringManagedTransaction.java:80)
	at org.mybatis.spring.transaction.SpringManagedTransaction.getConnection(SpringManagedTransaction.java:67)
	at org.apache.ibatis.executor.BaseExecutor.getConnection(BaseExecutor.java:336)
	at com.baomidou.mybatisplus.core.executor.MybatisSimpleExecutor.prepareStatement(MybatisSimpleExecutor.java:93)
	at com.baomidou.mybatisplus.core.executor.MybatisSimpleExecutor.doQuery(MybatisSimpleExecutor.java:66)
	at org.apache.ibatis.executor.BaseExecutor.queryFromDatabase(BaseExecutor.java:324)
	at org.apache.ibatis.executor.BaseExecutor.query(BaseExecutor.java:156)
	at org.apache.ibatis.executor.CachingExecutor.query(CachingExecutor.java:109)
	at org.apache.ibatis.executor.CachingExecutor.query(CachingExecutor.java:83)
	at sun.reflect.GeneratedMethodAccessor143.invoke(Unknown Source)
	at sun.reflect.DelegatingMethodAccessorImpl.invoke(DelegatingMethodAccessorImpl.java:43)
	at java.lang.reflect.Method.invoke(Method.java:498)
	at org.apache.ibatis.plugin.Plugin.invoke(Plugin.java:63)
	at com.sun.proxy.$Proxy272.query(Unknown Source)
	at org.apache.ibatis.session.defaults.DefaultSqlSession.selectList(DefaultSqlSession.java:147)
	... 111 more
Caused by: com.alibaba.druid.pool.GetConnectionTimeoutException: wait millis 60095, active 6, maxActive 200, creating 1, createElapseMillis 250630
	at com.alibaba.druid.pool.DruidDataSource.getConnectionInternal(DruidDataSource.java:1682)
	at com.alibaba.druid.pool.DruidDataSource.getConnectionDirect(DruidDataSource.java:1395)
	at com.alibaba.druid.pool.DruidDataSource.getConnection(DruidDataSource.java:1375)
	at com.alibaba.druid.pool.DruidDataSource.getConnection(DruidDataSource.java:1365)
	at sun.reflect.GeneratedMethodAccessor131.invoke(Unknown Source)
	at sun.reflect.DelegatingMethodAccessorImpl.invoke(DelegatingMethodAccessorImpl.java:43)
	at java.lang.reflect.Method.invoke(Method.java:498)
	at org.springframework.util.ReflectionUtils.invokeMethod(ReflectionUtils.java:282)
	at org.springframework.cloud.context.scope.GenericScope$LockedScopedProxyFactoryBean.invoke(GenericScope.java:499)
	at org.springframework.aop.framework.ReflectiveMethodInvocation.proceed(ReflectiveMethodInvocation.java:186)
	at org.springframework.aop.framework.CglibAopProxy$CglibMethodInvocation.proceed(CglibAopProxy.java:749)
	at org.springframework.aop.framework.CglibAopProxy$DynamicAdvisedInterceptor.intercept(CglibAopProxy.java:691)
	at com.alibaba.druid.pool.DruidDataSource$$EnhancerBySpringCGLIB$$674cff4f.getConnection(<generated>)
	at org.springframework.jdbc.datasource.DataSourceUtils.fetchConnection(DataSourceUtils.java:158)
	at org.springframework.jdbc.datasource.DataSourceUtils.doGetConnection(DataSourceUtils.java:116)
	at org.springframework.jdbc.datasource.DataSourceUtils.getConnection(DataSourceUtils.java:79)
	... 126 more

2026-04-03 22:25:06 [http-nio-6688-exec-14] ERROR hoj - 系统通用异常-------------->org.mybatis.spring.MyBatisSystemException: nested exception is org.apache.ibatis.exceptions.PersistenceException: 
### Error querying database.  Cause: org.springframework.jdbc.CannotGetJdbcConnectionException: Failed to obtain JDBC Connection; nested exception is com.alibaba.druid.pool.GetConnectionTimeoutException: wait millis 60828, active 6, maxActive 200, creating 1, createElapseMillis 180344
### The error may exist in URL [jar:file:/app.jar!/BOOT-INF/classes!/top/hcode/hoj/mapper/xml/MsgRemindMapper.xml]
### The error may involve top.hcode.hoj.mapper.MsgRemindMapper.getUserUnreadMsgCount
### The error occurred while executing a query
### Cause: org.springframework.jdbc.CannotGetJdbcConnectionException: Failed to obtain JDBC Connection; nested exception is com.alibaba.druid.pool.GetConnectionTimeoutException: wait millis 60828, active 6, maxActive 200, creating 1, createElapseMillis 180344
	at org.mybatis.spring.MyBatisExceptionTranslator.translateExceptionIfPossible(MyBatisExceptionTranslator.java:78)
	at org.mybatis.spring.SqlSessionTemplate$SqlSessionInterceptor.invoke(SqlSessionTemplate.java:440)
	at com.sun.proxy.$Proxy126.selectOne(Unknown Source)
	at org.mybatis.spring.SqlSessionTemplate.selectOne(SqlSessionTemplate.java:159)
	at com.baomidou.mybatisplus.core.override.MybatisMapperMethod.execute(MybatisMapperMethod.java:89)
	at com.baomidou.mybatisplus.core.override.MybatisMapperProxy.invoke(MybatisMapperProxy.java:61)
	at com.sun.proxy.$Proxy196.getUserUnreadMsgCount(Unknown Source)
	at sun.reflect.NativeMethodAccessorImpl.invoke0(Native Method)
	at sun.reflect.NativeMethodAccessorImpl.invoke(NativeMethodAccessorImpl.java:62)
	at sun.reflect.DelegatingMethodAccessorImpl.invoke(DelegatingMethodAccessorImpl.java:43)
	at java.lang.reflect.Method.invoke(Method.java:498)
	at org.springframework.aop.support.AopUtils.invokeJoinpointUsingReflection(AopUtils.java:344)
	at org.springframework.aop.framework.ReflectiveMethodInvocation.invokeJoinpoint(ReflectiveMethodInvocation.java:198)
	at org.springframework.aop.framework.ReflectiveMethodInvocation.proceed(ReflectiveMethodInvocation.java:163)
	at org.springframework.dao.support.PersistenceExceptionTranslationInterceptor.invoke(PersistenceExceptionTranslationInterceptor.java:139)
	at org.springframework.aop.framework.ReflectiveMethodInvocation.proceed(ReflectiveMethodInvocation.java:186)
	at org.springframework.aop.framework.JdkDynamicAopProxy.invoke(JdkDynamicAopProxy.java:212)
	at com.sun.proxy.$Proxy197.getUserUnreadMsgCount(Unknown Source)
	at top.hcode.hoj.dao.msg.impl.MsgRemindEntityServiceImpl.getUserUnreadMsgCount(MsgRemindEntityServiceImpl.java:29)
	at top.hcode.hoj.dao.msg.impl.MsgRemindEntityServiceImpl$$FastClassBySpringCGLIB$$1129c14.invoke(<generated>)
	at org.springframework.cglib.proxy.MethodProxy.invoke(MethodProxy.java:218)
	at org.springframework.aop.framework.CglibAopProxy$DynamicAdvisedInterceptor.intercept(CglibAopProxy.java:687)
	at top.hcode.hoj.dao.msg.impl.MsgRemindEntityServiceImpl$$EnhancerBySpringCGLIB$$63bf6a60.getUserUnreadMsgCount(<generated>)
	at top.hcode.hoj.dao.msg.impl.MsgRemindEntityServiceImpl$$FastClassBySpringCGLIB$$1129c14.invoke(<generated>)
	at org.springframework.cglib.proxy.MethodProxy.invoke(MethodProxy.java:218)
	at org.springframework.aop.framework.CglibAopProxy$DynamicAdvisedInterceptor.intercept(CglibAopProxy.java:687)
	at top.hcode.hoj.dao.msg.impl.MsgRemindEntityServiceImpl$$EnhancerBySpringCGLIB$$ba8c5036.getUserUnreadMsgCount(<generated>)
	at top.hcode.hoj.manager.msg.UserMessageManager.getUnreadMsgCount(UserMessageManager.java:65)
	at top.hcode.hoj.manager.msg.UserMessageManager$$FastClassBySpringCGLIB$$76911b1c.invoke(<generated>)
	at org.springframework.cglib.proxy.MethodProxy.invoke(MethodProxy.java:218)
	at org.springframework.aop.framework.CglibAopProxy$DynamicAdvisedInterceptor.intercept(CglibAopProxy.java:687)
	at top.hcode.hoj.manager.msg.UserMessageManager$$EnhancerBySpringCGLIB$$957d5c8a.getUnreadMsgCount(<generated>)
	at top.hcode.hoj.service.msg.impl.UserMessageServiceImpl.getUnreadMsgCount(UserMessageServiceImpl.java:27)
	at top.hcode.hoj.controller.msg.UserMessageController.getUnreadMsgCount(UserMessageController.java:38)
	at top.hcode.hoj.controller.msg.UserMessageController$$FastClassBySpringCGLIB$$eef073d6.invoke(<generated>)
	at org.springframework.cglib.proxy.MethodProxy.invoke(MethodProxy.java:218)
	at org.springframework.aop.framework.CglibAopProxy$CglibMethodInvocation.invokeJoinpoint(CglibAopProxy.java:771)
	at org.springframework.aop.framework.ReflectiveMethodInvocation.proceed(ReflectiveMethodInvocation.java:163)
	at org.springframework.aop.framework.CglibAopProxy$CglibMethodInvocation.proceed(CglibAopProxy.java:749)
	at org.apache.shiro.spring.security.interceptor.AopAllianceAnnotationsAuthorizingMethodInterceptor$1.proceed(AopAllianceAnnotationsAuthorizingMethodInterceptor.java:82)
	at org.apache.shiro.authz.aop.AuthorizingMethodInterceptor.invoke(AuthorizingMethodInterceptor.java:39)
	at org.apache.shiro.spring.security.interceptor.AopAllianceAnnotationsAuthorizingMethodInterceptor.invoke(AopAllianceAnnotationsAuthorizingMethodInterceptor.java:115)
	at org.springframework.aop.framework.ReflectiveMethodInvocation.proceed(ReflectiveMethodInvocation.java:186)
	at org.springframework.aop.framework.CglibAopProxy$CglibMethodInvocation.proceed(CglibAopProxy.java:749)
	at org.springframework.aop.framework.CglibAopProxy$DynamicAdvisedInterceptor.intercept(CglibAopProxy.java:691)
	at top.hcode.hoj.controller.msg.UserMessageController$$EnhancerBySpringCGLIB$$820e88be.getUnreadMsgCount(<generated>)
	at top.hcode.hoj.controller.msg.UserMessageController$$FastClassBySpringCGLIB$$eef073d6.invoke(<generated>)
	at org.springframework.cglib.proxy.MethodProxy.invoke(MethodProxy.java:218)
	at org.springframework.aop.framework.CglibAopProxy$CglibMethodInvocation.invokeJoinpoint(CglibAopProxy.java:771)
	at org.springframework.aop.framework.ReflectiveMethodInvocation.proceed(ReflectiveMethodInvocation.java:163)
	at org.springframework.aop.framework.CglibAopProxy$CglibMethodInvocation.proceed(CglibAopProxy.java:749)
	at org.apache.shiro.spring.security.interceptor.AopAllianceAnnotationsAuthorizingMethodInterceptor$1.proceed(AopAllianceAnnotationsAuthorizingMethodInterceptor.java:82)
	at org.apache.shiro.authz.aop.AuthorizingMethodInterceptor.invoke(AuthorizingMethodInterceptor.java:39)
	at org.apache.shiro.spring.security.interceptor.AopAllianceAnnotationsAuthorizingMethodInterceptor.invoke(AopAllianceAnnotationsAuthorizingMethodInterceptor.java:115)
	at org.springframework.aop.framework.ReflectiveMethodInvocation.proceed(ReflectiveMethodInvocation.java:186)
	at org.springframework.aop.framework.CglibAopProxy$CglibMethodInvocation.proceed(CglibAopProxy.java:749)
	at org.springframework.aop.framework.CglibAopProxy$DynamicAdvisedInterceptor.intercept(CglibAopProxy.java:691)
	at top.hcode.hoj.controller.msg.UserMessageController$$EnhancerBySpringCGLIB$$47d58a00.getUnreadMsgCount(<generated>)
	at sun.reflect.NativeMethodAccessorImpl.invoke0(Native Method)
	at sun.reflect.NativeMethodAccessorImpl.invoke(NativeMethodAccessorImpl.java:62)
	at sun.reflect.DelegatingMethodAccessorImpl.invoke(DelegatingMethodAccessorImpl.java:43)
	at java.lang.reflect.Method.invoke(Method.java:498)
	at org.springframework.web.method.support.InvocableHandlerMethod.doInvoke(InvocableHandlerMethod.java:190)
	at org.springframework.web.method.support.InvocableHandlerMethod.invokeForRequest(InvocableHandlerMethod.java:138)
	at org.springframework.web.servlet.mvc.method.annotation.ServletInvocableHandlerMethod.invokeAndHandle(ServletInvocableHandlerMethod.java:105)
	at org.springframework.web.servlet.mvc.method.annotation.RequestMappingHandlerAdapter.invokeHandlerMethod(RequestMappingHandlerAdapter.java:879)
	at org.springframework.web.servlet.mvc.method.annotation.RequestMappingHandlerAdapter.handleInternal(RequestMappingHandlerAdapter.java:793)
	at org.springframework.web.servlet.mvc.method.AbstractHandlerMethodAdapter.handle(AbstractHandlerMethodAdapter.java:87)
	at org.springframework.web.servlet.DispatcherServlet.doDispatch(DispatcherServlet.java:1040)
	at org.springframework.web.servlet.DispatcherServlet.doService(DispatcherServlet.java:943)
	at org.springframework.web.servlet.FrameworkServlet.processRequest(FrameworkServlet.java:1006)
	at org.springframework.web.servlet.FrameworkServlet.doGet(FrameworkServlet.java:898)
	at javax.servlet.http.HttpServlet.service(HttpServlet.java:634)
	at org.springframework.web.servlet.FrameworkServlet.service(FrameworkServlet.java:883)
	at javax.servlet.http.HttpServlet.service(HttpServlet.java:741)
	at org.apache.catalina.core.ApplicationFilterChain.internalDoFilter(ApplicationFilterChain.java:231)
	at org.apache.catalina.core.ApplicationFilterChain.doFilter(ApplicationFilterChain.java:166)
	at org.apache.tomcat.websocket.server.WsFilter.doFilter(WsFilter.java:53)
	at org.apache.catalina.core.ApplicationFilterChain.internalDoFilter(ApplicationFilterChain.java:193)
	at org.apache.catalina.core.ApplicationFilterChain.doFilter(ApplicationFilterChain.java:166)
	at org.apache.shiro.web.servlet.OncePerRequestFilter.doFilter(OncePerRequestFilter.java:112)
	at org.apache.catalina.core.ApplicationFilterChain.internalDoFilter(ApplicationFilterChain.java:193)
	at org.apache.catalina.core.ApplicationFilterChain.doFilter(ApplicationFilterChain.java:166)
	at org.apache.shiro.web.servlet.ProxiedFilterChain.doFilter(ProxiedFilterChain.java:61)
	at org.apache.shiro.web.servlet.AdviceFilter.executeChain(AdviceFilter.java:108)
	at org.apache.shiro.web.servlet.AdviceFilter.doFilterInternal(AdviceFilter.java:137)
	at org.apache.shiro.web.servlet.OncePerRequestFilter.doFilter(OncePerRequestFilter.java:125)
	at org.apache.shiro.web.servlet.ProxiedFilterChain.doFilter(ProxiedFilterChain.java:66)
	at org.apache.shiro.web.servlet.AbstractShiroFilter.executeChain(AbstractShiroFilter.java:449)
	at org.apache.shiro.web.servlet.AbstractShiroFilter$1.call(AbstractShiroFilter.java:365)
	at org.apache.shiro.subject.support.SubjectCallable.doCall(SubjectCallable.java:90)
	at org.apache.shiro.subject.support.SubjectCallable.call(SubjectCallable.java:83)
	at org.apache.shiro.subject.support.DelegatingSubject.execute(DelegatingSubject.java:387)
	at org.apache.shiro.web.servlet.AbstractShiroFilter.doFilterInternal(AbstractShiroFilter.java:362)
	at org.apache.shiro.web.servlet.OncePerRequestFilter.doFilter(OncePerRequestFilter.java:125)
	at org.apache.catalina.core.ApplicationFilterChain.internalDoFilter(ApplicationFilterChain.java:193)
	at org.apache.catalina.core.ApplicationFilterChain.doFilter(ApplicationFilterChain.java:166)
	at org.springframework.web.filter.RequestContextFilter.doFilterInternal(RequestContextFilter.java:100)
	at org.springframework.web.filter.OncePerRequestFilter.doFilter(OncePerRequestFilter.java:119)
	at org.apache.catalina.core.ApplicationFilterChain.internalDoFilter(ApplicationFilterChain.java:193)
	at org.apache.catalina.core.ApplicationFilterChain.doFilter(ApplicationFilterChain.java:166)
	at org.springframework.web.filter.FormContentFilter.doFilterInternal(FormContentFilter.java:93)
	at org.springframework.web.filter.OncePerRequestFilter.doFilter(OncePerRequestFilter.java:119)
	at org.apache.catalina.core.ApplicationFilterChain.internalDoFilter(ApplicationFilterChain.java:193)
	at org.apache.catalina.core.ApplicationFilterChain.doFilter(ApplicationFilterChain.java:166)
	at org.springframework.boot.actuate.metrics.web.servlet.WebMvcMetricsFilter.doFilterInternal(WebMvcMetricsFilter.java:109)
	at org.springframework.web.filter.OncePerRequestFilter.doFilter(OncePerRequestFilter.java:119)
	at org.apache.catalina.core.ApplicationFilterChain.internalDoFilter(ApplicationFilterChain.java:193)
	at org.apache.catalina.core.ApplicationFilterChain.doFilter(ApplicationFilterChain.java:166)
	at org.springframework.web.filter.CharacterEncodingFilter.doFilterInternal(CharacterEncodingFilter.java:201)
	at org.springframework.web.filter.OncePerRequestFilter.doFilter(OncePerRequestFilter.java:119)
	at org.apache.catalina.core.ApplicationFilterChain.internalDoFilter(ApplicationFilterChain.java:193)
	at org.apache.catalina.core.ApplicationFilterChain.doFilter(ApplicationFilterChain.java:166)
	at org.apache.catalina.core.StandardWrapperValve.invoke(StandardWrapperValve.java:202)
	at org.apache.catalina.core.StandardContextValve.invoke(StandardContextValve.java:96)
	at org.apache.catalina.authenticator.AuthenticatorBase.invoke(AuthenticatorBase.java:541)
	at org.apache.catalina.core.StandardHostValve.invoke(StandardHostValve.java:139)
	at org.apache.catalina.valves.ErrorReportValve.invoke(ErrorReportValve.java:92)
	at org.apache.catalina.core.StandardEngineValve.invoke(StandardEngineValve.java:74)
	at org.apache.catalina.connector.CoyoteAdapter.service(CoyoteAdapter.java:343)
	at org.apache.coyote.http11.Http11Processor.service(Http11Processor.java:373)
	at org.apache.coyote.AbstractProcessorLight.process(AbstractProcessorLight.java:65)
	at org.apache.coyote.AbstractProtocol$ConnectionHandler.process(AbstractProtocol.java:868)
	at org.apache.tomcat.util.net.NioEndpoint$SocketProcessor.doRun(NioEndpoint.java:1594)
	at org.apache.tomcat.util.net.SocketProcessorBase.run(SocketProcessorBase.java:49)
	at java.util.concurrent.ThreadPoolExecutor.runWorker(ThreadPoolExecutor.java:1149)
	at java.util.concurrent.ThreadPoolExecutor$Worker.run(ThreadPoolExecutor.java:624)
	at org.apache.tomcat.util.threads.TaskThread$WrappingRunnable.run(TaskThread.java:61)
	at java.lang.Thread.run(Thread.java:748)
Caused by: org.apache.ibatis.exceptions.PersistenceException: 
### Error querying database.  Cause: org.springframework.jdbc.CannotGetJdbcConnectionException: Failed to obtain JDBC Connection; nested exception is com.alibaba.druid.pool.GetConnectionTimeoutException: wait millis 60828, active 6, maxActive 200, creating 1, createElapseMillis 180344
### The error may exist in URL [jar:file:/app.jar!/BOOT-INF/classes!/top/hcode/hoj/mapper/xml/MsgRemindMapper.xml]
### The error may involve top.hcode.hoj.mapper.MsgRemindMapper.getUserUnreadMsgCount
### The error occurred while executing a query
### Cause: org.springframework.jdbc.CannotGetJdbcConnectionException: Failed to obtain JDBC Connection; nested exception is com.alibaba.druid.pool.GetConnectionTimeoutException: wait millis 60828, active 6, maxActive 200, creating 1, createElapseMillis 180344
	at org.apache.ibatis.exceptions.ExceptionFactory.wrapException(ExceptionFactory.java:30)
	at org.apache.ibatis.session.defaults.DefaultSqlSession.selectList(DefaultSqlSession.java:149)
	at org.apache.ibatis.session.defaults.DefaultSqlSession.selectList(DefaultSqlSession.java:140)
	at org.apache.ibatis.session.defaults.DefaultSqlSession.selectOne(DefaultSqlSession.java:76)
	at sun.reflect.NativeMethodAccessorImpl.invoke0(Native Method)
	at sun.reflect.NativeMethodAccessorImpl.invoke(NativeMethodAccessorImpl.java:62)
	at sun.reflect.DelegatingMethodAccessorImpl.invoke(DelegatingMethodAccessorImpl.java:43)
	at java.lang.reflect.Method.invoke(Method.java:498)
	at org.mybatis.spring.SqlSessionTemplate$SqlSessionInterceptor.invoke(SqlSessionTemplate.java:426)
	... 127 more
Caused by: org.springframework.jdbc.CannotGetJdbcConnectionException: Failed to obtain JDBC Connection; nested exception is com.alibaba.druid.pool.GetConnectionTimeoutException: wait millis 60828, active 6, maxActive 200, creating 1, createElapseMillis 180344
	at org.springframework.jdbc.datasource.DataSourceUtils.getConnection(DataSourceUtils.java:82)
	at org.mybatis.spring.transaction.SpringManagedTransaction.openConnection(SpringManagedTransaction.java:80)
	at org.mybatis.spring.transaction.SpringManagedTransaction.getConnection(SpringManagedTransaction.java:67)
	at org.apache.ibatis.executor.BaseExecutor.getConnection(BaseExecutor.java:336)
	at com.baomidou.mybatisplus.core.executor.MybatisSimpleExecutor.prepareStatement(MybatisSimpleExecutor.java:93)
	at com.baomidou.mybatisplus.core.executor.MybatisSimpleExecutor.doQuery(MybatisSimpleExecutor.java:66)
	at org.apache.ibatis.executor.BaseExecutor.queryFromDatabase(BaseExecutor.java:324)
	at org.apache.ibatis.executor.BaseExecutor.query(BaseExecutor.java:156)
	at org.apache.ibatis.executor.CachingExecutor.query(CachingExecutor.java:109)
	at org.apache.ibatis.executor.CachingExecutor.query(CachingExecutor.java:83)
	at sun.reflect.GeneratedMethodAccessor143.invoke(Unknown Source)
	at sun.reflect.DelegatingMethodAccessorImpl.invoke(DelegatingMethodAccessorImpl.java:43)
	at java.lang.reflect.Method.invoke(Method.java:498)
	at org.apache.ibatis.plugin.Plugin.invoke(Plugin.java:63)
	at com.sun.proxy.$Proxy272.query(Unknown Source)
	at org.apache.ibatis.session.defaults.DefaultSqlSession.selectList(DefaultSqlSession.java:147)
	... 134 more
Caused by: com.alibaba.druid.pool.GetConnectionTimeoutException: wait millis 60828, active 6, maxActive 200, creating 1, createElapseMillis 180344
	at com.alibaba.druid.pool.DruidDataSource.getConnectionInternal(DruidDataSource.java:1682)
	at com.alibaba.druid.pool.DruidDataSource.getConnectionDirect(DruidDataSource.java:1395)
	at com.alibaba.druid.pool.DruidDataSource.getConnection(DruidDataSource.java:1375)
	at com.alibaba.druid.pool.DruidDataSource.getConnection(DruidDataSource.java:1365)
	at sun.reflect.GeneratedMethodAccessor131.invoke(Unknown Source)
	at sun.reflect.DelegatingMethodAccessorImpl.invoke(DelegatingMethodAccessorImpl.java:43)
	at java.lang.reflect.Method.invoke(Method.java:498)
	at org.springframework.util.ReflectionUtils.invokeMethod(ReflectionUtils.java:282)
	at org.springframework.cloud.context.scope.GenericScope$LockedScopedProxyFactoryBean.invoke(GenericScope.java:499)
	at org.springframework.aop.framework.ReflectiveMethodInvocation.proceed(ReflectiveMethodInvocation.java:186)
	at org.springframework.aop.framework.CglibAopProxy$CglibMethodInvocation.proceed(CglibAopProxy.java:749)
	at org.springframework.aop.framework.CglibAopProxy$DynamicAdvisedInterceptor.intercept(CglibAopProxy.java:691)
	at com.alibaba.druid.pool.DruidDataSource$$EnhancerBySpringCGLIB$$674cff4f.getConnection(<generated>)
	at org.springframework.jdbc.datasource.DataSourceUtils.fetchConnection(DataSourceUtils.java:158)
	at org.springframework.jdbc.datasource.DataSourceUtils.doGetConnection(DataSourceUtils.java:116)
	at org.springframework.jdbc.datasource.DataSourceUtils.getConnection(DataSourceUtils.java:79)
	... 149 more

2026-04-03 22:26:50 [com.alibaba.nacos.client.Worker.longPolling.fixed-172.20.0.4_8848] ERROR c.alibaba.nacos.client.config.http.ServerHttpAgent - [NACOS SocketTimeoutException httpPost] currentServerAddr: http://172.20.0.4:8848， err : Read timed out
2026-04-03 22:26:51 [com.alibaba.nacos.client.Worker.longPolling.fixed-172.20.0.4_8848] ERROR c.alibaba.nacos.client.config.http.ServerHttpAgent - [NACOS SocketTimeoutException httpPost] currentServerAddr: http://172.20.0.4:8848， err : Read timed out
2026-04-03 22:26:47 [com.alibaba.nacos.client.naming.updater] ERROR com.alibaba.nacos.client.naming - [NA] failed to request
java.net.SocketTimeoutException: Read timed out
	at java.net.SocketInputStream.socketRead0(Native Method)
	at java.net.SocketInputStream.socketRead(SocketInputStream.java:116)
	at java.net.SocketInputStream.read(SocketInputStream.java:171)
	at java.net.SocketInputStream.read(SocketInputStream.java:141)
	at java.io.BufferedInputStream.fill(BufferedInputStream.java:246)
	at java.io.BufferedInputStream.read1(BufferedInputStream.java:286)
	at java.io.BufferedInputStream.read(BufferedInputStream.java:345)
	at sun.net.www.http.HttpClient.parseHTTPHeader(HttpClient.java:735)
	at sun.net.www.http.HttpClient.parseHTTP(HttpClient.java:678)
	at sun.net.www.protocol.http.HttpURLConnection.getInputStream0(HttpURLConnection.java:1590)
	at sun.net.www.protocol.http.HttpURLConnection.getInputStream(HttpURLConnection.java:1495)
	at java.net.HttpURLConnection.getResponseCode(HttpURLConnection.java:480)
	at com.alibaba.nacos.common.http.client.response.JdkHttpClientResponse.getStatusCode(JdkHttpClientResponse.java:79)
	at com.alibaba.nacos.common.http.client.handler.AbstractResponseHandler.handle(AbstractResponseHandler.java:43)
	at com.alibaba.nacos.common.http.client.NacosRestTemplate.execute(NacosRestTemplate.java:483)
	at com.alibaba.nacos.common.http.client.NacosRestTemplate.exchangeForm(NacosRestTemplate.java:427)
	at com.alibaba.nacos.client.naming.net.NamingProxy.callServer(NamingProxy.java:603)
	at com.alibaba.nacos.client.naming.net.NamingProxy.reqApi(NamingProxy.java:526)
	at com.alibaba.nacos.client.naming.net.NamingProxy.reqApi(NamingProxy.java:498)
	at com.alibaba.nacos.client.naming.net.NamingProxy.reqApi(NamingProxy.java:493)
	at com.alibaba.nacos.client.naming.net.NamingProxy.queryList(NamingProxy.java:407)
	at com.alibaba.nacos.client.naming.core.HostReactor.updateService(HostReactor.java:382)
	at com.alibaba.nacos.client.naming.core.HostReactor$UpdateTask.run(HostReactor.java:464)
	at java.util.concurrent.Executors$RunnableAdapter.call(Executors.java:511)
	at java.util.concurrent.FutureTask.run(FutureTask.java:266)
	at java.util.concurrent.ScheduledThreadPoolExecutor$ScheduledFutureTask.access$201(ScheduledThreadPoolExecutor.java:180)
	at java.util.concurrent.ScheduledThreadPoolExecutor$ScheduledFutureTask.run(ScheduledThreadPoolExecutor.java:293)
	at java.util.concurrent.ThreadPoolExecutor.runWorker(ThreadPoolExecutor.java:1149)
	at java.util.concurrent.ThreadPoolExecutor$Worker.run(ThreadPoolExecutor.java:624)
	at java.lang.Thread.run(Thread.java:748)
2026-04-03 22:26:55 [com.alibaba.nacos.client.Worker.longPolling.fixed-172.20.0.4_8848] ERROR c.alibaba.nacos.client.config.http.ServerHttpAgent - no available server, currentServerAddr : http://172.20.0.4:8848
2026-04-03 22:26:55 [com.alibaba.nacos.client.Worker.longPolling.fixed-172.20.0.4_8848] ERROR com.alibaba.nacos.client.config.impl.ClientWorker - [fixed-172.20.0.4_8848] [check-update] get changed dataId exception
java.net.ConnectException: no available server, currentServerAddr : http://172.20.0.4:8848
	at com.alibaba.nacos.client.config.http.ServerHttpAgent.httpPost(ServerHttpAgent.java:190)
	at com.alibaba.nacos.client.config.http.MetricsHttpAgent.httpPost(MetricsHttpAgent.java:67)
	at com.alibaba.nacos.client.config.impl.ClientWorker.checkUpdateConfigStr(ClientWorker.java:380)
	at com.alibaba.nacos.client.config.impl.ClientWorker.checkUpdateDataIds(ClientWorker.java:347)
	at com.alibaba.nacos.client.config.impl.ClientWorker$LongPollingRunnable.run(ClientWorker.java:535)
	at java.util.concurrent.Executors$RunnableAdapter.call(Executors.java:511)
	at java.util.concurrent.FutureTask.run(FutureTask.java:266)
	at java.util.concurrent.ScheduledThreadPoolExecutor$ScheduledFutureTask.access$201(ScheduledThreadPoolExecutor.java:180)
	at java.util.concurrent.ScheduledThreadPoolExecutor$ScheduledFutureTask.run(ScheduledThreadPoolExecutor.java:293)
	at java.util.concurrent.ThreadPoolExecutor.runWorker(ThreadPoolExecutor.java:1149)
	at java.util.concurrent.ThreadPoolExecutor$Worker.run(ThreadPoolExecutor.java:624)
	at java.lang.Thread.run(Thread.java:748)
2026-04-03 22:26:55 [com.alibaba.nacos.client.Worker.longPolling.fixed-172.20.0.4_8848] ERROR com.alibaba.nacos.client.config.impl.ClientWorker - longPolling error : 
java.net.ConnectException: no available server, currentServerAddr : http://172.20.0.4:8848
	at com.alibaba.nacos.client.config.http.ServerHttpAgent.httpPost(ServerHttpAgent.java:190)
	at com.alibaba.nacos.client.config.http.MetricsHttpAgent.httpPost(MetricsHttpAgent.java:67)
	at com.alibaba.nacos.client.config.impl.ClientWorker.checkUpdateConfigStr(ClientWorker.java:380)
	at com.alibaba.nacos.client.config.impl.ClientWorker.checkUpdateDataIds(ClientWorker.java:347)
	at com.alibaba.nacos.client.config.impl.ClientWorker$LongPollingRunnable.run(ClientWorker.java:535)
	at java.util.concurrent.Executors$RunnableAdapter.call(Executors.java:511)
	at java.util.concurrent.FutureTask.run(FutureTask.java:266)
	at java.util.concurrent.ScheduledThreadPoolExecutor$ScheduledFutureTask.access$201(ScheduledThreadPoolExecutor.java:180)
	at java.util.concurrent.ScheduledThreadPoolExecutor$ScheduledFutureTask.run(ScheduledThreadPoolExecutor.java:293)
	at java.util.concurrent.ThreadPoolExecutor.runWorker(ThreadPoolExecutor.java:1149)
	at java.util.concurrent.ThreadPoolExecutor$Worker.run(ThreadPoolExecutor.java:624)
	at java.lang.Thread.run(Thread.java:748)
2026-04-03 22:26:55 [com.alibaba.nacos.client.Worker.longPolling.fixed-172.20.0.4_8848] ERROR c.alibaba.nacos.client.config.http.ServerHttpAgent - no available server, currentServerAddr : http://172.20.0.4:8848
2026-04-03 22:26:55 [com.alibaba.nacos.client.Worker.longPolling.fixed-172.20.0.4_8848] ERROR com.alibaba.nacos.client.config.impl.ClientWorker - [fixed-172.20.0.4_8848] [check-update] get changed dataId exception
java.net.ConnectException: no available server, currentServerAddr : http://172.20.0.4:8848
	at com.alibaba.nacos.client.config.http.ServerHttpAgent.httpPost(ServerHttpAgent.java:190)
	at com.alibaba.nacos.client.config.http.MetricsHttpAgent.httpPost(MetricsHttpAgent.java:67)
	at com.alibaba.nacos.client.config.impl.ClientWorker.checkUpdateConfigStr(ClientWorker.java:380)
	at com.alibaba.nacos.client.config.impl.ClientWorker.checkUpdateDataIds(ClientWorker.java:347)
	at com.alibaba.nacos.client.config.impl.ClientWorker$LongPollingRunnable.run(ClientWorker.java:535)
	at java.util.concurrent.Executors$RunnableAdapter.call(Executors.java:511)
	at java.util.concurrent.FutureTask.run(FutureTask.java:266)
	at java.util.concurrent.ScheduledThreadPoolExecutor$ScheduledFutureTask.access$201(ScheduledThreadPoolExecutor.java:180)
	at java.util.concurrent.ScheduledThreadPoolExecutor$ScheduledFutureTask.run(ScheduledThreadPoolExecutor.java:293)
	at java.util.concurrent.ThreadPoolExecutor.runWorker(ThreadPoolExecutor.java:1149)
	at java.util.concurrent.ThreadPoolExecutor$Worker.run(ThreadPoolExecutor.java:624)
	at java.lang.Thread.run(Thread.java:748)
2026-04-03 22:26:55 [com.alibaba.nacos.client.Worker.longPolling.fixed-172.20.0.4_8848] ERROR com.alibaba.nacos.client.config.impl.ClientWorker - longPolling error : 
java.net.ConnectException: no available server, currentServerAddr : http://172.20.0.4:8848
	at com.alibaba.nacos.client.config.http.ServerHttpAgent.httpPost(ServerHttpAgent.java:190)
	at com.alibaba.nacos.client.config.http.MetricsHttpAgent.httpPost(MetricsHttpAgent.java:67)
	at com.alibaba.nacos.client.config.impl.ClientWorker.checkUpdateConfigStr(ClientWorker.java:380)
	at com.alibaba.nacos.client.config.impl.ClientWorker.checkUpdateDataIds(ClientWorker.java:347)
	at com.alibaba.nacos.client.config.impl.ClientWorker$LongPollingRunnable.run(ClientWorker.java:535)
	at java.util.concurrent.Executors$RunnableAdapter.call(Executors.java:511)
	at java.util.concurrent.FutureTask.run(FutureTask.java:266)
	at java.util.concurrent.ScheduledThreadPoolExecutor$ScheduledFutureTask.access$201(ScheduledThreadPoolExecutor.java:180)
	at java.util.concurrent.ScheduledThreadPoolExecutor$ScheduledFutureTask.run(ScheduledThreadPoolExecutor.java:293)
	at java.util.concurrent.ThreadPoolExecutor.runWorker(ThreadPoolExecutor.java:1149)
	at java.util.concurrent.ThreadPoolExecutor$Worker.run(ThreadPoolExecutor.java:624)
	at java.lang.Thread.run(Thread.java:748)
2026-04-03 22:26:47 [com.alibaba.nacos.naming.beat.sender] ERROR com.alibaba.nacos.client.naming - [NA] failed to request
java.net.SocketTimeoutException: Read timed out
	at java.net.SocketInputStream.socketRead0(Native Method)
	at java.net.SocketInputStream.socketRead(SocketInputStream.java:116)
	at java.net.SocketInputStream.read(SocketInputStream.java:171)
	at java.net.SocketInputStream.read(SocketInputStream.java:141)
	at java.io.BufferedInputStream.fill(BufferedInputStream.java:246)
	at java.io.BufferedInputStream.read1(BufferedInputStream.java:286)
	at java.io.BufferedInputStream.read(BufferedInputStream.java:345)
	at sun.net.www.http.HttpClient.parseHTTPHeader(HttpClient.java:735)
	at sun.net.www.http.HttpClient.parseHTTP(HttpClient.java:678)
	at sun.net.www.protocol.http.HttpURLConnection.getInputStream0(HttpURLConnection.java:1590)
	at sun.net.www.protocol.http.HttpURLConnection.getInputStream(HttpURLConnection.java:1495)
	at java.net.HttpURLConnection.getResponseCode(HttpURLConnection.java:480)
	at com.alibaba.nacos.common.http.client.response.JdkHttpClientResponse.getStatusCode(JdkHttpClientResponse.java:79)
	at com.alibaba.nacos.common.http.client.handler.AbstractResponseHandler.handle(AbstractResponseHandler.java:43)
	at com.alibaba.nacos.common.http.client.NacosRestTemplate.execute(NacosRestTemplate.java:483)
	at com.alibaba.nacos.common.http.client.NacosRestTemplate.exchangeForm(NacosRestTemplate.java:427)
	at com.alibaba.nacos.client.naming.net.NamingProxy.callServer(NamingProxy.java:603)
	at com.alibaba.nacos.client.naming.net.NamingProxy.reqApi(NamingProxy.java:526)
	at com.alibaba.nacos.client.naming.net.NamingProxy.reqApi(NamingProxy.java:498)
	at com.alibaba.nacos.client.naming.net.NamingProxy.sendBeat(NamingProxy.java:433)
	at com.alibaba.nacos.client.naming.beat.BeatReactor$BeatTask.run(BeatReactor.java:167)
	at java.util.concurrent.Executors$RunnableAdapter.call(Executors.java:511)
	at java.util.concurrent.FutureTask.run(FutureTask.java:266)
	at java.util.concurrent.ScheduledThreadPoolExecutor$ScheduledFutureTask.access$201(ScheduledThreadPoolExecutor.java:180)
	at java.util.concurrent.ScheduledThreadPoolExecutor$ScheduledFutureTask.run(ScheduledThreadPoolExecutor.java:293)
	at java.util.concurrent.ThreadPoolExecutor.runWorker(ThreadPoolExecutor.java:1149)
	at java.util.concurrent.ThreadPoolExecutor$Worker.run(ThreadPoolExecutor.java:624)
	at java.lang.Thread.run(Thread.java:748)
2026-04-03 22:27:38 [com.alibaba.nacos.client.Worker.longPolling.fixed-172.20.0.4_8848] ERROR c.alibaba.nacos.client.config.http.ServerHttpAgent - [NACOS SocketTimeoutException httpPost] currentServerAddr: http://172.20.0.4:8848， err : null
2026-04-03 22:27:38 [com.alibaba.nacos.naming.beat.sender] ERROR com.alibaba.nacos.client.naming - [NA] failed to request
com.alibaba.nacos.api.exception.NacosException: <html><body><h1>Whitelabel Error Page</h1><p>This application has no explicit mapping for /error, so you are seeing this as a fallback.</p><div id='created'>Fri Apr 03 22:27:38 CST 2026</div><div>There was an unexpected error (type=Internal Server Error, status=500).</div><div>Server failed,Failed to obtain JDBC Connection; nested exception is java.sql.SQLTransientConnectionException: HikariPool-1 - Connection is not available, request timed out after 34885ms.</div></body></html>
	at com.alibaba.nacos.client.naming.net.NamingProxy.callServer(NamingProxy.java:615)
	at com.alibaba.nacos.client.naming.net.NamingProxy.reqApi(NamingProxy.java:526)
	at com.alibaba.nacos.client.naming.net.NamingProxy.reqApi(NamingProxy.java:498)
	at com.alibaba.nacos.client.naming.net.NamingProxy.sendBeat(NamingProxy.java:433)
	at com.alibaba.nacos.client.naming.beat.BeatReactor$BeatTask.run(BeatReactor.java:167)
	at java.util.concurrent.Executors$RunnableAdapter.call(Executors.java:511)
	at java.util.concurrent.FutureTask.run(FutureTask.java:266)
	at java.util.concurrent.ScheduledThreadPoolExecutor$ScheduledFutureTask.access$201(ScheduledThreadPoolExecutor.java:180)
	at java.util.concurrent.ScheduledThreadPoolExecutor$ScheduledFutureTask.run(ScheduledThreadPoolExecutor.java:293)
	at java.util.concurrent.ThreadPoolExecutor.runWorker(ThreadPoolExecutor.java:1149)
	at java.util.concurrent.ThreadPoolExecutor$Worker.run(ThreadPoolExecutor.java:624)
	at java.lang.Thread.run(Thread.java:748)
2026-04-03 22:30:10 [com.alibaba.nacos.client.Worker.longPolling.fixed-172.20.0.4_8848] ERROR c.alibaba.nacos.client.config.http.ServerHttpAgent - [NACOS SocketTimeoutException httpPost] currentServerAddr: http://172.20.0.4:8848， err : Read timed out
2026-04-03 22:30:10 [com.alibaba.nacos.client.Worker.longPolling.fixed-172.20.0.4_8848] ERROR c.alibaba.nacos.client.config.http.ServerHttpAgent - [NACOS SocketTimeoutException httpPost] currentServerAddr: http://172.20.0.4:8848， err : Read timed out
2026-04-03 22:30:10 [com.alibaba.nacos.client.Worker.longPolling.fixed-172.20.0.4_8848] ERROR c.alibaba.nacos.client.config.http.ServerHttpAgent - no available server, currentServerAddr : http://172.20.0.4:8848
2026-04-03 22:30:11 [com.alibaba.nacos.client.Worker.longPolling.fixed-172.20.0.4_8848] ERROR com.alibaba.nacos.client.config.impl.ClientWorker - [fixed-172.20.0.4_8848] [check-update] get changed dataId exception
java.net.ConnectException: no available server, currentServerAddr : http://172.20.0.4:8848
	at com.alibaba.nacos.client.config.http.ServerHttpAgent.httpPost(ServerHttpAgent.java:190)
	at com.alibaba.nacos.client.config.http.MetricsHttpAgent.httpPost(MetricsHttpAgent.java:67)
	at com.alibaba.nacos.client.config.impl.ClientWorker.checkUpdateConfigStr(ClientWorker.java:380)
	at com.alibaba.nacos.client.config.impl.ClientWorker.checkUpdateDataIds(ClientWorker.java:347)
	at com.alibaba.nacos.client.config.impl.ClientWorker$LongPollingRunnable.run(ClientWorker.java:535)
	at java.util.concurrent.Executors$RunnableAdapter.call(Executors.java:511)
	at java.util.concurrent.FutureTask.run(FutureTask.java:266)
	at java.util.concurrent.ScheduledThreadPoolExecutor$ScheduledFutureTask.access$201(ScheduledThreadPoolExecutor.java:180)
	at java.util.concurrent.ScheduledThreadPoolExecutor$ScheduledFutureTask.run(ScheduledThreadPoolExecutor.java:293)
	at java.util.concurrent.ThreadPoolExecutor.runWorker(ThreadPoolExecutor.java:1149)
	at java.util.concurrent.ThreadPoolExecutor$Worker.run(ThreadPoolExecutor.java:624)
	at java.lang.Thread.run(Thread.java:748)
2026-04-03 22:30:11 [com.alibaba.nacos.client.Worker.longPolling.fixed-172.20.0.4_8848] ERROR com.alibaba.nacos.client.config.impl.ClientWorker - longPolling error : 
java.net.ConnectException: no available server, currentServerAddr : http://172.20.0.4:8848
	at com.alibaba.nacos.client.config.http.ServerHttpAgent.httpPost(ServerHttpAgent.java:190)
	at com.alibaba.nacos.client.config.http.MetricsHttpAgent.httpPost(MetricsHttpAgent.java:67)
	at com.alibaba.nacos.client.config.impl.ClientWorker.checkUpdateConfigStr(ClientWorker.java:380)
	at com.alibaba.nacos.client.config.impl.ClientWorker.checkUpdateDataIds(ClientWorker.java:347)
	at com.alibaba.nacos.client.config.impl.ClientWorker$LongPollingRunnable.run(ClientWorker.java:535)
	at java.util.concurrent.Executors$RunnableAdapter.call(Executors.java:511)
	at java.util.concurrent.FutureTask.run(FutureTask.java:266)
	at java.util.concurrent.ScheduledThreadPoolExecutor$ScheduledFutureTask.access$201(ScheduledThreadPoolExecutor.java:180)
	at java.util.concurrent.ScheduledThreadPoolExecutor$ScheduledFutureTask.run(ScheduledThreadPoolExecutor.java:293)
	at java.util.concurrent.ThreadPoolExecutor.runWorker(ThreadPoolExecutor.java:1149)
	at java.util.concurrent.ThreadPoolExecutor$Worker.run(ThreadPoolExecutor.java:624)
	at java.lang.Thread.run(Thread.java:748)
2026-04-03 22:30:10 [com.alibaba.nacos.naming.beat.sender] ERROR com.alibaba.nacos.client.naming - [NA] failed to request
java.net.SocketTimeoutException: null
	at java.net.SocksSocketImpl.remainingMillis(SocksSocketImpl.java:111)
	at java.net.SocksSocketImpl.connect(SocksSocketImpl.java:392)
	at java.net.Socket.connect(Socket.java:607)
	at sun.net.NetworkClient.doConnect(NetworkClient.java:175)
	at sun.net.www.http.HttpClient.openServer(HttpClient.java:463)
	at sun.net.www.http.HttpClient.openServer(HttpClient.java:558)
	at sun.net.www.http.HttpClient.<init>(HttpClient.java:242)
	at sun.net.www.http.HttpClient.New(HttpClient.java:339)
	at sun.net.www.http.HttpClient.New(HttpClient.java:357)
	at sun.net.www.protocol.http.HttpURLConnection.getNewHttpClient(HttpURLConnection.java:1223)
	at sun.net.www.protocol.http.HttpURLConnection.plainConnect0(HttpURLConnection.java:1162)
	at sun.net.www.protocol.http.HttpURLConnection.plainConnect(HttpURLConnection.java:1056)
	at sun.net.www.protocol.http.HttpURLConnection.connect(HttpURLConnection.java:990)
	at com.alibaba.nacos.common.http.client.request.JdkHttpClientRequest.execute(JdkHttpClientRequest.java:112)
	at com.alibaba.nacos.common.http.client.NacosRestTemplate.execute(NacosRestTemplate.java:482)
	at com.alibaba.nacos.common.http.client.NacosRestTemplate.exchangeForm(NacosRestTemplate.java:427)
	at com.alibaba.nacos.client.naming.net.NamingProxy.callServer(NamingProxy.java:603)
	at com.alibaba.nacos.client.naming.net.NamingProxy.reqApi(NamingProxy.java:526)
	at com.alibaba.nacos.client.naming.net.NamingProxy.reqApi(NamingProxy.java:498)
	at com.alibaba.nacos.client.naming.net.NamingProxy.sendBeat(NamingProxy.java:433)
	at com.alibaba.nacos.client.naming.beat.BeatReactor$BeatTask.run(BeatReactor.java:167)
	at java.util.concurrent.Executors$RunnableAdapter.call(Executors.java:511)
	at java.util.concurrent.FutureTask.run(FutureTask.java:266)
	at java.util.concurrent.ScheduledThreadPoolExecutor$ScheduledFutureTask.access$201(ScheduledThreadPoolExecutor.java:180)
	at java.util.concurrent.ScheduledThreadPoolExecutor$ScheduledFutureTask.run(ScheduledThreadPoolExecutor.java:293)
	at java.util.concurrent.ThreadPoolExecutor.runWorker(ThreadPoolExecutor.java:1149)
	at java.util.concurrent.ThreadPoolExecutor$Worker.run(ThreadPoolExecutor.java:624)
	at java.lang.Thread.run(Thread.java:748)
2026-04-03 22:30:11 [com.alibaba.nacos.client.Worker.longPolling.fixed-172.20.0.4_8848] ERROR c.alibaba.nacos.client.config.http.ServerHttpAgent - no available server, currentServerAddr : http://172.20.0.4:8848
2026-04-03 22:30:10 [com.alibaba.nacos.client.naming.updater] ERROR com.alibaba.nacos.client.naming - [NA] failed to request
java.net.SocketTimeoutException: null
	at java.net.SocksSocketImpl.remainingMillis(SocksSocketImpl.java:111)
	at java.net.SocksSocketImpl.connect(SocksSocketImpl.java:392)
	at java.net.Socket.connect(Socket.java:607)
	at sun.net.NetworkClient.doConnect(NetworkClient.java:175)
	at sun.net.www.http.HttpClient.openServer(HttpClient.java:463)
	at sun.net.www.http.HttpClient.openServer(HttpClient.java:558)
	at sun.net.www.http.HttpClient.<init>(HttpClient.java:242)
	at sun.net.www.http.HttpClient.New(HttpClient.java:339)
	at sun.net.www.http.HttpClient.New(HttpClient.java:357)
	at sun.net.www.protocol.http.HttpURLConnection.getNewHttpClient(HttpURLConnection.java:1223)
	at sun.net.www.protocol.http.HttpURLConnection.plainConnect0(HttpURLConnection.java:1162)
	at sun.net.www.protocol.http.HttpURLConnection.plainConnect(HttpURLConnection.java:1056)
	at sun.net.www.protocol.http.HttpURLConnection.connect(HttpURLConnection.java:990)
	at com.alibaba.nacos.common.http.client.request.JdkHttpClientRequest.execute(JdkHttpClientRequest.java:112)
	at com.alibaba.nacos.common.http.client.NacosRestTemplate.execute(NacosRestTemplate.java:482)
	at com.alibaba.nacos.common.http.client.NacosRestTemplate.exchangeForm(NacosRestTemplate.java:427)
	at com.alibaba.nacos.client.naming.net.NamingProxy.callServer(NamingProxy.java:603)
	at com.alibaba.nacos.client.naming.net.NamingProxy.reqApi(NamingProxy.java:526)
	at com.alibaba.nacos.client.naming.net.NamingProxy.reqApi(NamingProxy.java:498)
	at com.alibaba.nacos.client.naming.net.NamingProxy.reqApi(NamingProxy.java:493)
	at com.alibaba.nacos.client.naming.net.NamingProxy.queryList(NamingProxy.java:407)
	at com.alibaba.nacos.client.naming.core.HostReactor.refreshOnly(HostReactor.java:404)
	at com.alibaba.nacos.client.naming.core.HostReactor$UpdateTask.run(HostReactor.java:469)
	at java.util.concurrent.Executors$RunnableAdapter.call(Executors.java:511)
	at java.util.concurrent.FutureTask.run(FutureTask.java:266)
	at java.util.concurrent.ScheduledThreadPoolExecutor$ScheduledFutureTask.access$201(ScheduledThreadPoolExecutor.java:180)
	at java.util.concurrent.ScheduledThreadPoolExecutor$ScheduledFutureTask.run(ScheduledThreadPoolExecutor.java:293)
	at java.util.concurrent.ThreadPoolExecutor.runWorker(ThreadPoolExecutor.java:1149)
	at java.util.concurrent.ThreadPoolExecutor$Worker.run(ThreadPoolExecutor.java:624)
	at java.lang.Thread.run(Thread.java:748)
2026-04-03 22:30:11 [com.alibaba.nacos.client.Worker.longPolling.fixed-172.20.0.4_8848] ERROR com.alibaba.nacos.client.config.impl.ClientWorker - [fixed-172.20.0.4_8848] [check-update] get changed dataId exception
java.net.ConnectException: no available server, currentServerAddr : http://172.20.0.4:8848
	at com.alibaba.nacos.client.config.http.ServerHttpAgent.httpPost(ServerHttpAgent.java:190)
	at com.alibaba.nacos.client.config.http.MetricsHttpAgent.httpPost(MetricsHttpAgent.java:67)
	at com.alibaba.nacos.client.config.impl.ClientWorker.checkUpdateConfigStr(ClientWorker.java:380)
	at com.alibaba.nacos.client.config.impl.ClientWorker.checkUpdateDataIds(ClientWorker.java:347)
	at com.alibaba.nacos.client.config.impl.ClientWorker$LongPollingRunnable.run(ClientWorker.java:535)
	at java.util.concurrent.Executors$RunnableAdapter.call(Executors.java:511)
	at java.util.concurrent.FutureTask.run(FutureTask.java:266)
	at java.util.concurrent.ScheduledThreadPoolExecutor$ScheduledFutureTask.access$201(ScheduledThreadPoolExecutor.java:180)
	at java.util.concurrent.ScheduledThreadPoolExecutor$ScheduledFutureTask.run(ScheduledThreadPoolExecutor.java:293)
	at java.util.concurrent.ThreadPoolExecutor.runWorker(ThreadPoolExecutor.java:1149)
	at java.util.concurrent.ThreadPoolExecutor$Worker.run(ThreadPoolExecutor.java:624)
	at java.lang.Thread.run(Thread.java:748)
2026-04-03 22:30:11 [com.alibaba.nacos.client.Worker.longPolling.fixed-172.20.0.4_8848] ERROR com.alibaba.nacos.client.config.impl.ClientWorker - longPolling error : 
java.net.ConnectException: no available server, currentServerAddr : http://172.20.0.4:8848
	at com.alibaba.nacos.client.config.http.ServerHttpAgent.httpPost(ServerHttpAgent.java:190)
	at com.alibaba.nacos.client.config.http.MetricsHttpAgent.httpPost(MetricsHttpAgent.java:67)
	at com.alibaba.nacos.client.config.impl.ClientWorker.checkUpdateConfigStr(ClientWorker.java:380)
	at com.alibaba.nacos.client.config.impl.ClientWorker.checkUpdateDataIds(ClientWorker.java:347)
	at com.alibaba.nacos.client.config.impl.ClientWorker$LongPollingRunnable.run(ClientWorker.java:535)
	at java.util.concurrent.Executors$RunnableAdapter.call(Executors.java:511)
	at java.util.concurrent.FutureTask.run(FutureTask.java:266)
	at java.util.concurrent.ScheduledThreadPoolExecutor$ScheduledFutureTask.access$201(ScheduledThreadPoolExecutor.java:180)
	at java.util.concurrent.ScheduledThreadPoolExecutor$ScheduledFutureTask.run(ScheduledThreadPoolExecutor.java:293)
	at java.util.concurrent.ThreadPoolExecutor.runWorker(ThreadPoolExecutor.java:1149)
	at java.util.concurrent.ThreadPoolExecutor$Worker.run(ThreadPoolExecutor.java:624)
	at java.lang.Thread.run(Thread.java:748)
2026-04-03 22:32:35 [main] ERROR hoj - [Init System Config] [HDU]: There is no account or password configured for remote judge, username list:[], password list:[]
2026-04-03 22:32:35 [main] ERROR hoj - [Init System Config] [POJ]: There is no account or password configured for remote judge, username list:[], password list:[]
2026-04-03 22:32:35 [main] ERROR hoj - [Init System Config] [CF]: There is no account or password configured for remote judge, username list:[], password list:[]
2026-04-03 22:32:35 [main] ERROR hoj - [Init System Config] [SPOJ]: There is no account or password configured for remote judge, username list:[], password list:[]
2026-04-03 22:32:35 [main] ERROR hoj - [Init System Config] [AC]: There is no account or password configured for remote judge, username list:[], password list:[]
2026-04-03 22:32:35 [main] ERROR hoj - [Init System Config] [LIBRE]: There is no account or password configured for remote judge, username list:[], password list:[]
2026-04-03 22:35:08 [main] ERROR hoj - [Init System Config] [HDU]: There is no account or password configured for remote judge, username list:[], password list:[]
2026-04-03 22:35:08 [main] ERROR hoj - [Init System Config] [POJ]: There is no account or password configured for remote judge, username list:[], password list:[]
2026-04-03 22:35:08 [main] ERROR hoj - [Init System Config] [CF]: There is no account or password configured for remote judge, username list:[], password list:[]
2026-04-03 22:35:08 [main] ERROR hoj - [Init System Config] [SPOJ]: There is no account or password configured for remote judge, username list:[], password list:[]
2026-04-03 22:35:08 [main] ERROR hoj - [Init System Config] [AC]: There is no account or password configured for remote judge, username list:[], password list:[]
2026-04-03 22:35:08 [main] ERROR hoj - [Init System Config] [LIBRE]: There is no account or password configured for remote judge, username list:[], password list:[]
2026-04-03 22:36:03 [com.alibaba.nacos.client.Worker.longPolling.fixed-172.20.0.4_8848] ERROR hoj - [Nacos Config] refresh web config error:mapping values are not allowed here
 in 'string', line 2, column 12:
    description: null
               ^
, config:\1http://64.90.1.180
description: null
emailBGImg: https://cdn.jsdelivr.net/gh/HimitZH/CDN/images/HCODE.png
emailHost: smtp.qq.com
emailPassword: your_email_password
emailPort: 465
emailSsl: true
emailUsername: your_email_username
\1hbut onlinejudgement
projectName: HOJ
projectUrl: https://gitee.com/himitzh0730/hoj
recordName: null
recordUrl: null
register: true
shortName: HOJ

